experiment_name,scene_id,initialization,prior_object_id,prior_count,iteration,method,psnr,ssim,lpips,gaussian_count,estimated_elapsed_sec
baseline_from_scratch_vanilla_3dgs,office_0,from_scratch,,,500,ours_500,10.887524604797363,0.17994455993175507,0.7318782806396484,100000,9.566345
baseline_from_scratch_vanilla_3dgs,office_0,from_scratch,,,1000,ours_1000,11.544611930847168,0.31437644362449646,0.5891109108924866,182410,19.132691
baseline_from_scratch_vanilla_3dgs,office_0,from_scratch,,,2000,ours_2000,12.083195686340332,0.39133986830711365,0.5085915327072144,752879,38.265381
baseline_from_scratch_vanilla_3dgs,office_0,from_scratch,,,3000,ours_3000,12.281478881835938,0.4159335196018219,0.4877193868160248,1241522,57.398072
baseline_from_scratch_vanilla_3dgs,office_0,from_scratch,,,5000,ours_5000,12.504097938537598,0.4429025948047638,0.4667302072048187,1651455,95.663453
baseline_from_scratch_vanilla_3dgs,office_0,from_scratch,,,7000,ours_7000,12.623485565185547,0.4568593204021454,0.4582959711551666,1882545,133.928834
baseline_from_scratch_vanilla_3dgs,room_0,from_scratch,,,500,ours_500,11.041595458984375,0.19481658935546875,0.7125225067138672,100000,8.479827
baseline_from_scratch_vanilla_3dgs,room_0,from_scratch,,,1000,ours_1000,11.591578483581543,0.28775104880332947,0.6151673197746277,151269,16.959654
baseline_from_scratch_vanilla_3dgs,room_0,from_scratch,,,2000,ours_2000,12.261406898498535,0.38657715916633606,0.501698911190033,564304,33.919309
baseline_from_scratch_vanilla_3dgs,room_0,from_scratch,,,3000,ours_3000,12.56894588470459,0.42847323417663574,0.46124711632728577,936059,50.878963
baseline_from_scratch_vanilla_3dgs,room_0,from_scratch,,,5000,ours_5000,12.889290809631348,0.4728558361530304,0.418717622756958,1355413,84.798272
baseline_from_scratch_vanilla_3dgs,room_0,from_scratch,,,7000,ours_7000,13.064375877380371,0.49400874972343445,0.40273797512054443,1598175,118.717581
baseline_from_scratch_vanilla_3dgs_multi,office_0,from_scratch,,0,500,ours_500,10.684412956237793,0.2624407410621643,0.6633089780807495,100000,10.463133
baseline_from_scratch_vanilla_3dgs_multi,office_0,from_scratch,,0,1000,ours_1000,11.5989351272583,0.39602065086364746,0.5141456723213196,183520,20.926266
baseline_from_scratch_vanilla_3dgs_multi,office_0,from_scratch,,0,2000,ours_2000,12.259993553161621,0.48147666454315186,0.4339199364185333,743216,41.852533
baseline_from_scratch_vanilla_3dgs_multi,office_0,from_scratch,,0,3000,ours_3000,12.494338989257812,0.5095019936561584,0.40804776549339294,1212154,62.778799
baseline_from_scratch_vanilla_3dgs_multi,office_0,from_scratch,,0,5000,ours_5000,12.818377494812012,0.5445591807365417,0.37642213702201843,1718756,104.631331
baseline_from_scratch_vanilla_3dgs_multi,office_0,from_scratch,,0,7000,ours_7000,12.972103118896484,0.5606258511543274,0.3630542457103729,1986918,146.483864
baseline_from_scratch_vanilla_3dgs_multi,room_0,from_scratch,,0,500,ours_500,11.056153297424316,0.33500492572784424,0.5976417660713196,100000,9.940402
baseline_from_scratch_vanilla_3dgs_multi,room_0,from_scratch,,0,1000,ours_1000,11.872035026550293,0.4473447799682617,0.47111976146698,165848,19.880803
baseline_from_scratch_vanilla_3dgs_multi,room_0,from_scratch,,0,2000,ours_2000,12.584269523620605,0.5408564209938049,0.37649622559547424,711781,39.761606
baseline_from_scratch_vanilla_3dgs_multi,room_0,from_scratch,,0,3000,ours_3000,12.867276191711426,0.5756173729896545,0.3451184332370758,1166167,59.642409
baseline_from_scratch_vanilla_3dgs_multi,room_0,from_scratch,,0,5000,ours_5000,13.18862533569336,0.6116339564323425,0.3161812126636505,1625874,99.404015
baseline_from_scratch_vanilla_3dgs_multi,room_0,from_scratch,,0,7000,ours_7000,13.309054374694824,0.6249075531959534,0.30592358112335205,1894870,139.165621
baseline_from_scratch_vanilla_3dgs_multi_15000,office_0,from_scratch,,0,0,ours_0,8.135271072387695,0.05645909905433655,0.7670941352844238,100000,0.0
baseline_from_scratch_vanilla_3dgs_multi_15000,office_0,from_scratch,,0,500,ours_500,10.677653312683105,0.2618783712387085,0.6618660092353821,100000,14.947948
baseline_from_scratch_vanilla_3dgs_multi_15000,office_0,from_scratch,,0,1000,ours_1000,11.56684398651123,0.39318785071372986,0.5146626234054565,183707,29.895895
baseline_from_scratch_vanilla_3dgs_multi_15000,office_0,from_scratch,,0,2000,ours_2000,12.233004570007324,0.4791860580444336,0.43468785285949707,743571,59.791791
baseline_from_scratch_vanilla_3dgs_multi_15000,office_0,from_scratch,,0,3000,ours_3000,12.494808197021484,0.5084118247032166,0.410317987203598,1210912,89.687686
baseline_from_scratch_vanilla_3dgs_multi_15000,office_0,from_scratch,,0,5000,ours_5000,12.819297790527344,0.543710470199585,0.3782031834125519,1712955,149.479477
baseline_from_scratch_vanilla_3dgs_multi_15000,office_0,from_scratch,,0,7000,ours_7000,12.958984375,0.5587088465690613,0.36637285351753235,1979691,209.271268
baseline_from_scratch_vanilla_3dgs_multi_15000,office_0,from_scratch,,0,10000,ours_10000,13.124585151672363,0.5764055848121643,0.3528371751308441,2276791,298.958954
baseline_from_scratch_vanilla_3dgs_multi_15000,office_0,from_scratch,,0,15000,ours_15000,13.291095733642578,0.5942414402961731,0.33929887413978577,2704063,448.438431
baseline_from_scratch_vanilla_3dgs_multi_15000,room_0,from_scratch,,0,0,ours_0,10.529029846191406,0.2272655963897705,0.6922868490219116,100000,0.0
baseline_from_scratch_vanilla_3dgs_multi_15000,room_0,from_scratch,,0,500,ours_500,11.049544334411621,0.33467864990234375,0.5968704223632812,100000,14.068457
baseline_from_scratch_vanilla_3dgs_multi_15000,room_0,from_scratch,,0,1000,ours_1000,11.867573738098145,0.44773945212364197,0.46980026364326477,165226,28.136913
baseline_from_scratch_vanilla_3dgs_multi_15000,room_0,from_scratch,,0,2000,ours_2000,12.566612243652344,0.5408803820610046,0.37494906783103943,711796,56.273827
baseline_from_scratch_vanilla_3dgs_multi_15000,room_0,from_scratch,,0,3000,ours_3000,12.844776153564453,0.5749508738517761,0.3452586233615875,1164894,84.41074
baseline_from_scratch_vanilla_3dgs_multi_15000,room_0,from_scratch,,0,5000,ours_5000,13.181954383850098,0.6121237874031067,0.3157031238079071,1619752,140.684567
baseline_from_scratch_vanilla_3dgs_multi_15000,room_0,from_scratch,,0,7000,ours_7000,13.311145782470703,0.6259048581123352,0.30595722794532776,1888725,196.958394
baseline_from_scratch_vanilla_3dgs_multi_15000,room_0,from_scratch,,0,10000,ours_10000,13.468779563903809,0.6420208215713501,0.29561662673950195,2186064,281.369135
baseline_from_scratch_vanilla_3dgs_multi_15000,room_0,from_scratch,,0,15000,ours_15000,13.667689323425293,0.6604282259941101,0.2802464962005615,2581236,422.053702
baseline_smoke_vanilla_3dgs,office_0,from_scratch,,,1,ours_1,8.195902824401855,0.024942396208643913,0.8737056851387024,100000,2.670856
baseline_smoke_vanilla_3dgs,room_0,from_scratch,,,1,ours_1,9.30715274810791,0.07447542995214462,0.8176722526550293,100000,2.311261
oracle_prior_vanilla_3dgs,office_0,prior,chair_0240,,500,ours_500,10.893619537353516,0.18131990730762482,0.7285127639770508,127017,9.745236
oracle_prior_vanilla_3dgs,office_0,prior,chair_0240,,1000,ours_1000,11.556073188781738,0.3168303966522217,0.5846396088600159,201994,19.490471
oracle_prior_vanilla_3dgs,office_0,prior,chair_0240,,2000,ours_2000,12.079859733581543,0.39148521423339844,0.5077628493309021,767421,38.980942
oracle_prior_vanilla_3dgs,office_0,prior,chair_0240,,3000,ours_3000,12.304112434387207,0.4180936813354492,0.4860708713531494,1255766,58.471414
oracle_prior_vanilla_3dgs,office_0,prior,chair_0240,,5000,ours_5000,12.547809600830078,0.44617971777915955,0.46250638365745544,1670534,97.452356
oracle_prior_vanilla_3dgs,office_0,prior,chair_0240,,7000,ours_7000,12.65433120727539,0.45828190445899963,0.4550868272781372,1901301,136.433298
oracle_prior_vanilla_3dgs,room_0,prior,chair_0201,,500,ours_500,11.053399085998535,0.198055699467659,0.7075249552726746,123178,8.665098
oracle_prior_vanilla_3dgs,room_0,prior,chair_0201,,1000,ours_1000,11.60702896118164,0.2909102141857147,0.6112671494483948,170414,17.330196
oracle_prior_vanilla_3dgs,room_0,prior,chair_0201,,2000,ours_2000,12.276260375976562,0.3880563974380493,0.5006117820739746,579980,34.660391
oracle_prior_vanilla_3dgs,room_0,prior,chair_0201,,3000,ours_3000,12.575852394104004,0.42780768871307373,0.4627539813518524,954963,51.990587
oracle_prior_vanilla_3dgs,room_0,prior,chair_0201,,5000,ours_5000,12.9068603515625,0.4737075865268707,0.41962024569511414,1366988,86.650978
oracle_prior_vanilla_3dgs,room_0,prior,chair_0201,,7000,ours_7000,13.09111499786377,0.4967895746231079,0.4005373418331146,1609528,121.311369
oracle_prior_vanilla_3dgs_clip,office_0,prior,chair_0014,1,500,ours_500,10.90223217010498,0.1829519271850586,0.7283450961112976,121555,18.372977
oracle_prior_vanilla_3dgs_clip,office_0,prior,chair_0014,1,1000,ours_1000,11.576454162597656,0.318251371383667,0.584348201751709,193636,36.745953
oracle_prior_vanilla_3dgs_clip,office_0,prior,chair_0014,1,2000,ours_2000,12.12569522857666,0.39557957649230957,0.5074743032455444,767319,73.491906
oracle_prior_vanilla_3dgs_clip,office_0,prior,chair_0014,1,3000,ours_3000,12.32192325592041,0.42037150263786316,0.48585081100463867,1259422,110.237859
oracle_prior_vanilla_3dgs_clip,office_0,prior,chair_0014,1,5000,ours_5000,12.559744834899902,0.4494296610355377,0.46102893352508545,1677045,183.729766
oracle_prior_vanilla_3dgs_clip,office_0,prior,chair_0014,1,7000,ours_7000,12.654738426208496,0.46037307381629944,0.4538658857345581,1909208,257.221672
oracle_prior_vanilla_3dgs_clip,room_0,prior,chair_0014,1,500,ours_500,11.055862426757812,0.1968957930803299,0.7102840542793274,121555,17.066085
oracle_prior_vanilla_3dgs_clip,room_0,prior,chair_0014,1,1000,ours_1000,11.609883308410645,0.2911016643047333,0.6115303039550781,164455,34.13217
oracle_prior_vanilla_3dgs_clip,room_0,prior,chair_0014,1,2000,ours_2000,12.268826484680176,0.38755929470062256,0.5016010999679565,574142,68.26434
oracle_prior_vanilla_3dgs_clip,room_0,prior,chair_0014,1,3000,ours_3000,12.570975303649902,0.428765207529068,0.46402135491371155,947520,102.396509
oracle_prior_vanilla_3dgs_clip,room_0,prior,chair_0014,1,5000,ours_5000,12.883761405944824,0.47308897972106934,0.42054983973503113,1364246,170.660849
oracle_prior_vanilla_3dgs_clip,room_0,prior,chair_0014,1,7000,ours_7000,13.065972328186035,0.4984480142593384,0.4018752872943878,1609395,238.925188
oracle_prior_vanilla_3dgs_multi_clip,office_0,prior,sofa_0131,4,500,ours_500,10.681224822998047,0.26330605149269104,0.6595845818519592,197667,11.051472
oracle_prior_vanilla_3dgs_multi_clip,office_0,prior,sofa_0131,4,1000,ours_1000,11.587944030761719,0.39400067925453186,0.5113083720207214,267456,22.102943
oracle_prior_vanilla_3dgs_multi_clip,office_0,prior,sofa_0131,4,2000,ours_2000,12.230328559875488,0.47648540139198303,0.4379284679889679,809289,44.205887
oracle_prior_vanilla_3dgs_multi_clip,office_0,prior,sofa_0131,4,3000,ours_3000,12.513465881347656,0.5089409947395325,0.40931984782218933,1276818,66.30883
oracle_prior_vanilla_3dgs_multi_clip,office_0,prior,sofa_0131,4,5000,ours_5000,12.838306427001953,0.5455806851387024,0.3768296241760254,1773283,110.514717
oracle_prior_vanilla_3dgs_multi_clip,office_0,prior,sofa_0131,4,7000,ours_7000,12.982704162597656,0.560796320438385,0.36532679200172424,2028586,154.720604
oracle_prior_vanilla_3dgs_multi_clip,room_0,prior,lamp_0085,4,500,ours_500,11.06955337524414,0.3396504819393158,0.5874350070953369,203984,10.640147
oracle_prior_vanilla_3dgs_multi_clip,room_0,prior,lamp_0085,4,1000,ours_1000,11.878571510314941,0.45157042145729065,0.4612424373626709,263410,21.280294
oracle_prior_vanilla_3dgs_multi_clip,room_0,prior,lamp_0085,4,2000,ours_2000,12.58342456817627,0.5443068146705627,0.37017467617988586,806016,42.560587
oracle_prior_vanilla_3dgs_multi_clip,room_0,prior,lamp_0085,4,3000,ours_3000,12.8462495803833,0.5764120817184448,0.34241220355033875,1257064,63.840881
oracle_prior_vanilla_3dgs_multi_clip,room_0,prior,lamp_0085,4,5000,ours_5000,13.19565486907959,0.6147207021713257,0.3136448562145233,1688951,106.401468
oracle_prior_vanilla_3dgs_multi_clip,room_0,prior,lamp_0085,4,7000,ours_7000,13.31824016571045,0.627092182636261,0.3041711747646332,1943664,148.962055
oracle_prior_vanilla_3dgs_multi_clip_15000,office_0,prior,sofa_0131,4,0,ours_0,8.017505645751953,0.052207157015800476,0.7763702869415283,197667,0.0
oracle_prior_vanilla_3dgs_multi_clip_15000,office_0,prior,sofa_0131,4,500,ours_500,10.686280250549316,0.26319923996925354,0.6586523056030273,197667,15.33418
oracle_prior_vanilla_3dgs_multi_clip_15000,office_0,prior,sofa_0131,4,1000,ours_1000,11.59789752960205,0.3953385353088379,0.512542724609375,267383,30.66836
oracle_prior_vanilla_3dgs_multi_clip_15000,office_0,prior,sofa_0131,4,2000,ours_2000,12.231612205505371,0.47708916664123535,0.43622350692749023,810906,61.33672
oracle_prior_vanilla_3dgs_multi_clip_15000,office_0,prior,sofa_0131,4,3000,ours_3000,12.479002952575684,0.5057099461555481,0.41059422492980957,1277892,92.00508
oracle_prior_vanilla_3dgs_multi_clip_15000,office_0,prior,sofa_0131,4,5000,ours_5000,12.824715614318848,0.5428735613822937,0.37915289402008057,1768392,153.3418
oracle_prior_vanilla_3dgs_multi_clip_15000,office_0,prior,sofa_0131,4,7000,ours_7000,12.96789264678955,0.5589231252670288,0.3651159703731537,2025481,214.678521
oracle_prior_vanilla_3dgs_multi_clip_15000,office_0,prior,sofa_0131,4,10000,ours_10000,13.12372875213623,0.5760529041290283,0.35287103056907654,2318952,306.683601
oracle_prior_vanilla_3dgs_multi_clip_15000,office_0,prior,sofa_0131,4,15000,ours_15000,13.307002067565918,0.5957522988319397,0.3385225236415863,2748212,460.025401
oracle_prior_vanilla_3dgs_multi_clip_15000,room_0,prior,lamp_0085,4,0,ours_0,10.096053123474121,0.14831995964050293,0.7255139350891113,203984,0.0
oracle_prior_vanilla_3dgs_multi_clip_15000,room_0,prior,lamp_0085,4,500,ours_500,11.07394027709961,0.34043702483177185,0.5862255096435547,203984,14.698094
oracle_prior_vanilla_3dgs_multi_clip_15000,room_0,prior,lamp_0085,4,1000,ours_1000,11.878497123718262,0.45136263966560364,0.46287378668785095,263738,29.396189
oracle_prior_vanilla_3dgs_multi_clip_15000,room_0,prior,lamp_0085,4,2000,ours_2000,12.568985939025879,0.5429121851921082,0.3712270259857178,804913,58.792377
oracle_prior_vanilla_3dgs_multi_clip_15000,room_0,prior,lamp_0085,4,3000,ours_3000,12.86401653289795,0.5785529017448425,0.3419135808944702,1256137,88.188566
oracle_prior_vanilla_3dgs_multi_clip_15000,room_0,prior,lamp_0085,4,5000,ours_5000,13.17440414428711,0.6137356162071228,0.3156333267688751,1692177,146.980943
oracle_prior_vanilla_3dgs_multi_clip_15000,room_0,prior,lamp_0085,4,7000,ours_7000,13.295680046081543,0.6264988780021667,0.30397167801856995,1949851,205.77332
oracle_prior_vanilla_3dgs_multi_clip_15000,room_0,prior,lamp_0085,4,10000,ours_10000,13.46629810333252,0.6428626179695129,0.29349109530448914,2234468,293.961886
oracle_prior_vanilla_3dgs_multi_clip_15000,room_0,prior,lamp_0085,4,15000,ours_15000,13.715340614318848,0.6675536036491394,0.2751288115978241,2653722,440.942829
oracle_prior_vanilla_3dgs_multi_clip_alignfix_v1_15000,office_0,prior,sofa_0131,4,0,ours_0,7.869917869567871,0.046994127333164215,0.773455023765564,197667,0.0
oracle_prior_vanilla_3dgs_multi_clip_alignfix_v1_15000,office_0,prior,sofa_0131,4,500,ours_500,10.689769744873047,0.2656432092189789,0.6559508442878723,197667,15.702091
oracle_prior_vanilla_3dgs_multi_clip_alignfix_v1_15000,office_0,prior,sofa_0131,4,1000,ours_1000,11.633673667907715,0.4036341607570648,0.5042207837104797,263334,31.404181
oracle_prior_vanilla_3dgs_multi_clip_alignfix_v1_15000,office_0,prior,sofa_0131,4,2000,ours_2000,12.288561820983887,0.48862266540527344,0.4258992373943329,824318,62.808362
oracle_prior_vanilla_3dgs_multi_clip_alignfix_v1_15000,office_0,prior,sofa_0131,4,3000,ours_3000,12.530070304870605,0.5184119939804077,0.39943158626556396,1304064,94.212543
oracle_prior_vanilla_3dgs_multi_clip_alignfix_v1_15000,office_0,prior,sofa_0131,4,5000,ours_5000,12.878567695617676,0.5561621785163879,0.3678283989429474,1804707,157.020905
oracle_prior_vanilla_3dgs_multi_clip_alignfix_v1_15000,office_0,prior,sofa_0131,4,7000,ours_7000,12.984031677246094,0.5675541758537292,0.3562575578689575,2055936,219.829267
oracle_prior_vanilla_3dgs_multi_clip_alignfix_v1_15000,office_0,prior,sofa_0131,4,10000,ours_10000,13.150776863098145,0.5862266421318054,0.3421870768070221,2356176,314.04181
oracle_prior_vanilla_3dgs_multi_clip_alignfix_v1_15000,office_0,prior,sofa_0131,4,15000,ours_15000,13.37459945678711,0.6099662780761719,0.32556360960006714,2806021,471.062715
oracle_prior_vanilla_3dgs_multi_clip_alignfix_v1_15000,room_0,prior,lamp_0085,4,0,ours_0,10.103782653808594,0.1566934585571289,0.7155961394309998,203984,0.0
oracle_prior_vanilla_3dgs_multi_clip_alignfix_v1_15000,room_0,prior,lamp_0085,4,500,ours_500,11.083076477050781,0.3428446054458618,0.5843306183815002,203984,14.750611
oracle_prior_vanilla_3dgs_multi_clip_alignfix_v1_15000,room_0,prior,lamp_0085,4,1000,ours_1000,11.903162956237793,0.4562210142612457,0.4566575288772583,265413,29.501222
oracle_prior_vanilla_3dgs_multi_clip_alignfix_v1_15000,room_0,prior,lamp_0085,4,2000,ours_2000,12.637786865234375,0.5521833300590515,0.36462390422821045,811127,59.002444
oracle_prior_vanilla_3dgs_multi_clip_alignfix_v1_15000,room_0,prior,lamp_0085,4,3000,ours_3000,12.8812255859375,0.5824942588806152,0.33637145161628723,1269863,88.503666
oracle_prior_vanilla_3dgs_multi_clip_alignfix_v1_15000,room_0,prior,lamp_0085,4,5000,ours_5000,13.186381340026855,0.6146496534347534,0.310443252325058,1711924,147.50611
oracle_prior_vanilla_3dgs_multi_clip_alignfix_v1_15000,room_0,prior,lamp_0085,4,7000,ours_7000,13.319149017333984,0.6284491419792175,0.3014112710952759,1964087,206.508554
oracle_prior_vanilla_3dgs_multi_clip_alignfix_v1_15000,room_0,prior,lamp_0085,4,10000,ours_10000,13.489781379699707,0.6445222496986389,0.29003241658210754,2244763,295.01222
oracle_prior_vanilla_3dgs_multi_clip_alignfix_v1_15000,room_0,prior,lamp_0085,4,15000,ours_15000,13.70038890838623,0.6660085320472717,0.2737199366092682,2648537,442.51833
oracle_prior_vanilla_3dgs_multi_clip_alignfix_v2_15000,office_0,prior,sofa_0131,4,0,ours_0,7.869917392730713,0.046994127333164215,0.7734549641609192,197667,0.0
oracle_prior_vanilla_3dgs_multi_clip_alignfix_v2_15000,office_0,prior,sofa_0131,4,500,ours_500,10.699264526367188,0.26574698090553284,0.6551817655563354,197667,15.581088
oracle_prior_vanilla_3dgs_multi_clip_alignfix_v2_15000,office_0,prior,sofa_0131,4,1000,ours_1000,11.605252265930176,0.39995384216308594,0.505268931388855,263367,31.162176
oracle_prior_vanilla_3dgs_multi_clip_alignfix_v2_15000,office_0,prior,sofa_0131,4,2000,ours_2000,12.282410621643066,0.4883861243724823,0.4255930483341217,819691,62.324352
oracle_prior_vanilla_3dgs_multi_clip_alignfix_v2_15000,office_0,prior,sofa_0131,4,3000,ours_3000,12.53812313079834,0.5200521349906921,0.3983862102031708,1298820,93.486527
oracle_prior_vanilla_3dgs_multi_clip_alignfix_v2_15000,office_0,prior,sofa_0131,4,5000,ours_5000,12.813704490661621,0.5502493977546692,0.37026843428611755,1803761,155.810879
oracle_prior_vanilla_3dgs_multi_clip_alignfix_v2_15000,office_0,prior,sofa_0131,4,7000,ours_7000,12.971375465393066,0.5660799145698547,0.35888755321502686,2052778,218.13523
oracle_prior_vanilla_3dgs_multi_clip_alignfix_v2_15000,office_0,prior,sofa_0131,4,10000,ours_10000,13.140559196472168,0.5834454298019409,0.34719905257225037,2343178,311.621758
oracle_prior_vanilla_3dgs_multi_clip_alignfix_v2_15000,office_0,prior,sofa_0131,4,15000,ours_15000,13.330321311950684,0.6043952107429504,0.33200713992118835,2775378,467.432637
oracle_prior_vanilla_3dgs_multi_clip_alignfix_v2_15000,room_0,prior,lamp_0085,4,0,ours_0,10.517166137695312,0.22694101929664612,0.6934188604354858,151127,0.0
oracle_prior_vanilla_3dgs_multi_clip_alignfix_v2_15000,room_0,prior,lamp_0085,4,500,ours_500,11.066882133483887,0.3372936546802521,0.593503475189209,151127,14.441688
oracle_prior_vanilla_3dgs_multi_clip_alignfix_v2_15000,room_0,prior,lamp_0085,4,1000,ours_1000,11.85990047454834,0.44655612111091614,0.47011253237724304,216591,28.883376
oracle_prior_vanilla_3dgs_multi_clip_alignfix_v2_15000,room_0,prior,lamp_0085,4,2000,ours_2000,12.571635246276855,0.5408326387405396,0.3754817247390747,759793,57.766751
oracle_prior_vanilla_3dgs_multi_clip_alignfix_v2_15000,room_0,prior,lamp_0085,4,3000,ours_3000,12.837801933288574,0.5749613642692566,0.3436039388179779,1212175,86.650127
oracle_prior_vanilla_3dgs_multi_clip_alignfix_v2_15000,room_0,prior,lamp_0085,4,5000,ours_5000,13.168444633483887,0.6114040613174438,0.3160060942173004,1659481,144.416878
oracle_prior_vanilla_3dgs_multi_clip_alignfix_v2_15000,room_0,prior,lamp_0085,4,7000,ours_7000,13.346713066101074,0.6287248730659485,0.3045178949832916,1917377,202.183629
oracle_prior_vanilla_3dgs_multi_clip_alignfix_v2_15000,room_0,prior,lamp_0085,4,10000,ours_10000,13.47803020477295,0.6423420310020447,0.29471269249916077,2208496,288.833755
oracle_prior_vanilla_3dgs_multi_clip_alignfix_v2_15000,room_0,prior,lamp_0085,4,15000,ours_15000,13.663780212402344,0.6607881188392639,0.27883920073509216,2604643,433.250633
oracle_prior_vanilla_3dgs_multi_clip_geom,office_0,prior,sofa_0128,4,500,ours_500,10.673454284667969,0.26237034797668457,0.6582759022712708,189146,10.977213
oracle_prior_vanilla_3dgs_multi_clip_geom,office_0,prior,sofa_0128,4,1000,ours_1000,11.58233642578125,0.3946951627731323,0.512909471988678,259459,21.954425
oracle_prior_vanilla_3dgs_multi_clip_geom,office_0,prior,sofa_0128,4,2000,ours_2000,12.244860649108887,0.4796900749206543,0.43341028690338135,803387,43.908851
oracle_prior_vanilla_3dgs_multi_clip_geom,office_0,prior,sofa_0128,4,3000,ours_3000,12.501797676086426,0.5087993741035461,0.4090339243412018,1268858,65.863276
oracle_prior_vanilla_3dgs_multi_clip_geom,office_0,prior,sofa_0128,4,5000,ours_5000,12.800728797912598,0.5426943898200989,0.3783308267593384,1756611,109.772127
oracle_prior_vanilla_3dgs_multi_clip_geom,office_0,prior,sofa_0128,4,7000,ours_7000,12.939231872558594,0.5577934384346008,0.3660120964050293,2013091,153.680977
oracle_prior_vanilla_3dgs_multi_clip_geom,room_0,prior,lamp_0085,4,500,ours_500,11.066906929016113,0.33955469727516174,0.5891404151916504,207795,10.688911
oracle_prior_vanilla_3dgs_multi_clip_geom,room_0,prior,lamp_0085,4,1000,ours_1000,11.88467025756836,0.4518280029296875,0.462613582611084,265497,21.377822
oracle_prior_vanilla_3dgs_multi_clip_geom,room_0,prior,lamp_0085,4,2000,ours_2000,12.592638969421387,0.5451836585998535,0.3715851306915283,806104,42.755644
oracle_prior_vanilla_3dgs_multi_clip_geom,room_0,prior,lamp_0085,4,3000,ours_3000,12.844088554382324,0.5758820176124573,0.34373167157173157,1255615,64.133466
oracle_prior_vanilla_3dgs_multi_clip_geom,room_0,prior,lamp_0085,4,5000,ours_5000,13.199291229248047,0.6141588091850281,0.3141929805278778,1695394,106.889109
oracle_prior_vanilla_3dgs_multi_clip_geom,room_0,prior,lamp_0085,4,7000,ours_7000,13.315070152282715,0.6262426972389221,0.3043476641178131,1956173,149.644753
oracle_prior_vanilla_3dgs_multi_clip_geom_15000,office_0,prior,sofa_0128,4,0,ours_0,8.080658912658691,0.054620206356048584,0.7713249921798706,189146,0.0
oracle_prior_vanilla_3dgs_multi_clip_geom_15000,office_0,prior,sofa_0128,4,500,ours_500,10.688082695007324,0.263689249753952,0.6579716205596924,189146,15.337295
oracle_prior_vanilla_3dgs_multi_clip_geom_15000,office_0,prior,sofa_0128,4,1000,ours_1000,11.597992897033691,0.39541688561439514,0.511771023273468,260166,30.674591
oracle_prior_vanilla_3dgs_multi_clip_geom_15000,office_0,prior,sofa_0128,4,2000,ours_2000,12.220673561096191,0.4773710072040558,0.43408432602882385,805538,61.349182
oracle_prior_vanilla_3dgs_multi_clip_geom_15000,office_0,prior,sofa_0128,4,3000,ours_3000,12.482403755187988,0.5068710446357727,0.4099142849445343,1271692,92.023772
oracle_prior_vanilla_3dgs_multi_clip_geom_15000,office_0,prior,sofa_0128,4,5000,ours_5000,12.85484790802002,0.5469868183135986,0.37838590145111084,1763928,153.372954
oracle_prior_vanilla_3dgs_multi_clip_geom_15000,office_0,prior,sofa_0128,4,7000,ours_7000,12.961844444274902,0.5598946213722229,0.3647364377975464,2023180,214.722136
oracle_prior_vanilla_3dgs_multi_clip_geom_15000,office_0,prior,sofa_0128,4,10000,ours_10000,13.118366241455078,0.5757909417152405,0.3536284267902374,2317882,306.745908
oracle_prior_vanilla_3dgs_multi_clip_geom_15000,office_0,prior,sofa_0128,4,15000,ours_15000,13.303668022155762,0.5943045020103455,0.3395753800868988,2743631,460.118862
oracle_prior_vanilla_3dgs_multi_clip_geom_15000,room_0,prior,lamp_0085,4,0,ours_0,10.095515251159668,0.14831139147281647,0.7250606417655945,207795,0.0
oracle_prior_vanilla_3dgs_multi_clip_geom_15000,room_0,prior,lamp_0085,4,500,ours_500,11.06705093383789,0.3394438922405243,0.5882058143615723,207795,14.700655
oracle_prior_vanilla_3dgs_multi_clip_geom_15000,room_0,prior,lamp_0085,4,1000,ours_1000,11.915959358215332,0.45487090945243835,0.4607461392879486,266134,29.40131
oracle_prior_vanilla_3dgs_multi_clip_geom_15000,room_0,prior,lamp_0085,4,2000,ours_2000,12.592061042785645,0.5456241965293884,0.3706333637237549,805206,58.802621
oracle_prior_vanilla_3dgs_multi_clip_geom_15000,room_0,prior,lamp_0085,4,3000,ours_3000,12.847420692443848,0.5774858593940735,0.34113025665283203,1257402,88.203931
oracle_prior_vanilla_3dgs_multi_clip_geom_15000,room_0,prior,lamp_0085,4,5000,ours_5000,13.177788734436035,0.6132127642631531,0.31403103470802307,1695777,147.006552
oracle_prior_vanilla_3dgs_multi_clip_geom_15000,room_0,prior,lamp_0085,4,7000,ours_7000,13.32480525970459,0.6278969645500183,0.3036135733127594,1952113,205.809173
oracle_prior_vanilla_3dgs_multi_clip_geom_15000,room_0,prior,lamp_0085,4,10000,ours_10000,13.467829704284668,0.6423054933547974,0.29356783628463745,2241831,294.013105
oracle_prior_vanilla_3dgs_multi_clip_geom_15000,room_0,prior,lamp_0085,4,15000,ours_15000,13.669600486755371,0.6636502742767334,0.27727651596069336,2645326,441.019657
oracle_prior_vanilla_3dgs_multi_clip_geom_filtered,office_0,prior,sofa_0128,4,500,ours_500,10.679720878601074,0.2613789737224579,0.663361132144928,119833,10.584901
oracle_prior_vanilla_3dgs_multi_clip_geom_filtered,office_0,prior,sofa_0128,4,1000,ours_1000,11.587921142578125,0.39518460631370544,0.515106737613678,200276,21.169801
oracle_prior_vanilla_3dgs_multi_clip_geom_filtered,office_0,prior,sofa_0128,4,2000,ours_2000,12.226130485534668,0.4780828654766083,0.43486571311950684,752797,42.339603
oracle_prior_vanilla_3dgs_multi_clip_geom_filtered,office_0,prior,sofa_0128,4,3000,ours_3000,12.475322723388672,0.506624162197113,0.40964221954345703,1222011,63.509404
oracle_prior_vanilla_3dgs_multi_clip_geom_filtered,office_0,prior,sofa_0128,4,5000,ours_5000,12.812629699707031,0.544424831867218,0.3784416615962982,1721262,105.849007
oracle_prior_vanilla_3dgs_multi_clip_geom_filtered,office_0,prior,sofa_0128,4,7000,ours_7000,12.945388793945312,0.559260368347168,0.36537763476371765,1987187,148.18861
oracle_prior_vanilla_3dgs_multi_clip_geom_filtered,room_0,prior,lamp_0085,4,500,ours_500,11.067707061767578,0.3390274941921234,0.590413510799408,156380,10.388616
oracle_prior_vanilla_3dgs_multi_clip_geom_filtered,room_0,prior,lamp_0085,4,1000,ours_1000,11.925141334533691,0.45653602480888367,0.4609655439853668,215279,20.777231
oracle_prior_vanilla_3dgs_multi_clip_geom_filtered,room_0,prior,lamp_0085,4,2000,ours_2000,12.587054252624512,0.5449042320251465,0.3704977333545685,757289,41.554462
oracle_prior_vanilla_3dgs_multi_clip_geom_filtered,room_0,prior,lamp_0085,4,3000,ours_3000,12.838919639587402,0.5770019888877869,0.34117498993873596,1212479,62.331693
oracle_prior_vanilla_3dgs_multi_clip_geom_filtered,room_0,prior,lamp_0085,4,5000,ours_5000,13.184325218200684,0.6147002577781677,0.312764048576355,1657388,103.886156
oracle_prior_vanilla_3dgs_multi_clip_geom_filtered,room_0,prior,lamp_0085,4,7000,ours_7000,13.288440704345703,0.6254823803901672,0.3031374216079712,1916340,145.440618
oracle_prior_vanilla_3dgs_multi_clip_geom_weighted,office_0,prior,sofa_0128,4,500,ours_500,10.677247047424316,0.264611154794693,0.660258948802948,146584,10.714379
oracle_prior_vanilla_3dgs_multi_clip_geom_weighted,office_0,prior,sofa_0128,4,1000,ours_1000,11.580265045166016,0.3940823972225189,0.5122575163841248,224010,21.428759
oracle_prior_vanilla_3dgs_multi_clip_geom_weighted,office_0,prior,sofa_0128,4,2000,ours_2000,12.251057624816895,0.479915976524353,0.4335871934890747,773722,42.857518
oracle_prior_vanilla_3dgs_multi_clip_geom_weighted,office_0,prior,sofa_0128,4,3000,ours_3000,12.488553047180176,0.5074443221092224,0.4080969989299774,1241054,64.286276
oracle_prior_vanilla_3dgs_multi_clip_geom_weighted,office_0,prior,sofa_0128,4,5000,ours_5000,12.852677345275879,0.5478342175483704,0.37584853172302246,1741318,107.143794
oracle_prior_vanilla_3dgs_multi_clip_geom_weighted,office_0,prior,sofa_0128,4,7000,ours_7000,12.988173484802246,0.5622719526290894,0.36386701464653015,2006432,150.001312
oracle_prior_vanilla_3dgs_multi_clip_geom_weighted,room_0,prior,lamp_0085,4,500,ours_500,11.061446189880371,0.337985634803772,0.5906460881233215,171089,10.476385
oracle_prior_vanilla_3dgs_multi_clip_geom_weighted,room_0,prior,lamp_0085,4,1000,ours_1000,11.876411437988281,0.4508223235607147,0.4644838571548462,231418,20.952769
oracle_prior_vanilla_3dgs_multi_clip_geom_weighted,room_0,prior,lamp_0085,4,2000,ours_2000,12.565006256103516,0.5410800576210022,0.37386617064476013,773866,41.905538
oracle_prior_vanilla_3dgs_multi_clip_geom_weighted,room_0,prior,lamp_0085,4,3000,ours_3000,12.85306167602539,0.5763196349143982,0.34289392828941345,1223796,62.858307
oracle_prior_vanilla_3dgs_multi_clip_geom_weighted,room_0,prior,lamp_0085,4,5000,ours_5000,13.195625305175781,0.6135739684104919,0.3142588436603546,1670084,104.763845
oracle_prior_vanilla_3dgs_multi_clip_geom_weighted,room_0,prior,lamp_0085,4,7000,ours_7000,13.302529335021973,0.6253371238708496,0.306972861289978,1931527,146.669383
oracle_prior_vanilla_3dgs_multi_mean_rgb,office_0,prior,sofa_0003,4,500,ours_500,10.685019493103027,0.26444610953330994,0.6571722626686096,191919,10.955408
oracle_prior_vanilla_3dgs_multi_mean_rgb,office_0,prior,sofa_0003,4,1000,ours_1000,11.60497760772705,0.3967680037021637,0.5111207365989685,263498,21.910817
oracle_prior_vanilla_3dgs_multi_mean_rgb,office_0,prior,sofa_0003,4,2000,ours_2000,12.243021965026855,0.47880351543426514,0.43470466136932373,806247,43.821634
oracle_prior_vanilla_3dgs_multi_mean_rgb,office_0,prior,sofa_0003,4,3000,ours_3000,12.498394966125488,0.5082442760467529,0.4093095064163208,1271713,65.732451
oracle_prior_vanilla_3dgs_multi_mean_rgb,office_0,prior,sofa_0003,4,5000,ours_5000,12.845593452453613,0.5462809205055237,0.3784743547439575,1760381,109.554084
oracle_prior_vanilla_3dgs_multi_mean_rgb,office_0,prior,sofa_0003,4,7000,ours_7000,12.95682430267334,0.5583733916282654,0.3661879599094391,2015440,153.375718
oracle_prior_vanilla_3dgs_multi_mean_rgb,room_0,prior,lamp_0019,4,500,ours_500,11.076504707336426,0.34195438027381897,0.5860064625740051,178596,10.590788
oracle_prior_vanilla_3dgs_multi_mean_rgb,room_0,prior,lamp_0019,4,1000,ours_1000,11.900032043457031,0.45658251643180847,0.4577924311161041,235542,21.181575
oracle_prior_vanilla_3dgs_multi_mean_rgb,room_0,prior,lamp_0019,4,2000,ours_2000,12.604766845703125,0.5489712357521057,0.36676958203315735,783825,42.36315
oracle_prior_vanilla_3dgs_multi_mean_rgb,room_0,prior,lamp_0019,4,3000,ours_3000,12.859615325927734,0.5797303318977356,0.3389565944671631,1241949,63.544726
oracle_prior_vanilla_3dgs_multi_mean_rgb,room_0,prior,lamp_0019,4,5000,ours_5000,13.176437377929688,0.6140608787536621,0.3122650384902954,1687158,105.907876
oracle_prior_vanilla_3dgs_multi_mean_rgb,room_0,prior,lamp_0019,4,7000,ours_7000,13.302268981933594,0.6265966892242432,0.303954154253006,1941607,148.271027
oracle_prior_vanilla_3dgs_multi_mean_rgb_15000,office_0,prior,sofa_0003,4,0,ours_0,8.059122085571289,0.05367125943303108,0.7757061719894409,191919,0.0
oracle_prior_vanilla_3dgs_multi_mean_rgb_15000,office_0,prior,sofa_0003,4,500,ours_500,10.694392204284668,0.2648596167564392,0.6576074361801147,191919,15.290375
oracle_prior_vanilla_3dgs_multi_mean_rgb_15000,office_0,prior,sofa_0003,4,1000,ours_1000,11.589856147766113,0.3946005403995514,0.5118540525436401,262995,30.580749
oracle_prior_vanilla_3dgs_multi_mean_rgb_15000,office_0,prior,sofa_0003,4,2000,ours_2000,12.24151611328125,0.4778752028942108,0.4353055953979492,805704,61.161499
oracle_prior_vanilla_3dgs_multi_mean_rgb_15000,office_0,prior,sofa_0003,4,3000,ours_3000,12.504146575927734,0.5089867115020752,0.40948018431663513,1270608,91.742248
oracle_prior_vanilla_3dgs_multi_mean_rgb_15000,office_0,prior,sofa_0003,4,5000,ours_5000,12.815608024597168,0.5439284443855286,0.3787587881088257,1758972,152.903746
oracle_prior_vanilla_3dgs_multi_mean_rgb_15000,office_0,prior,sofa_0003,4,7000,ours_7000,12.95772647857666,0.5591773986816406,0.3662973642349243,2017575,214.065245
oracle_prior_vanilla_3dgs_multi_mean_rgb_15000,office_0,prior,sofa_0003,4,10000,ours_10000,13.116175651550293,0.5755337476730347,0.3541138172149658,2306125,305.807493
oracle_prior_vanilla_3dgs_multi_mean_rgb_15000,office_0,prior,sofa_0003,4,15000,ours_15000,13.28554630279541,0.5934297442436218,0.34073951840400696,2730969,458.711239
oracle_prior_vanilla_3dgs_multi_mean_rgb_15000,room_0,prior,lamp_0019,4,0,ours_0,10.121665954589844,0.14946645498275757,0.7347477078437805,178596,0.0
oracle_prior_vanilla_3dgs_multi_mean_rgb_15000,room_0,prior,lamp_0019,4,500,ours_500,11.073265075683594,0.34149953722953796,0.5870428085327148,178596,14.437503
oracle_prior_vanilla_3dgs_multi_mean_rgb_15000,room_0,prior,lamp_0019,4,1000,ours_1000,11.903250694274902,0.4570193290710449,0.45770928263664246,235020,28.875007
oracle_prior_vanilla_3dgs_multi_mean_rgb_15000,room_0,prior,lamp_0019,4,2000,ours_2000,12.611973762512207,0.5499845147132874,0.36761653423309326,782466,57.750014
oracle_prior_vanilla_3dgs_multi_mean_rgb_15000,room_0,prior,lamp_0019,4,3000,ours_3000,12.90412425994873,0.5845341682434082,0.33785974979400635,1238837,86.625021
oracle_prior_vanilla_3dgs_multi_mean_rgb_15000,room_0,prior,lamp_0019,4,5000,ours_5000,13.1580810546875,0.6121159791946411,0.3137921392917633,1675076,144.375034
oracle_prior_vanilla_3dgs_multi_mean_rgb_15000,room_0,prior,lamp_0019,4,7000,ours_7000,13.296757698059082,0.6265411972999573,0.30495354533195496,1926920,202.125048
oracle_prior_vanilla_3dgs_multi_mean_rgb_15000,room_0,prior,lamp_0019,4,10000,ours_10000,13.467833518981934,0.6430149078369141,0.2941257655620575,2208588,288.750069
oracle_prior_vanilla_3dgs_multi_mean_rgb_15000,room_0,prior,lamp_0019,4,15000,ours_15000,13.666180610656738,0.6629236340522766,0.2769678831100464,2601643,433.125103
oracle_prior_vanilla_3dgs_multi_mean_rgb_alignfix_v1_15000,office_0,prior,sofa_0003,4,0,ours_0,7.901005744934082,0.046363089233636856,0.7758479118347168,191919,0.0
oracle_prior_vanilla_3dgs_multi_mean_rgb_alignfix_v1_15000,office_0,prior,sofa_0003,4,500,ours_500,10.698978424072266,0.26702988147735596,0.6541335582733154,191919,15.571881
oracle_prior_vanilla_3dgs_multi_mean_rgb_alignfix_v1_15000,office_0,prior,sofa_0003,4,1000,ours_1000,11.631695747375488,0.40239498019218445,0.5037898421287537,265406,31.143763
oracle_prior_vanilla_3dgs_multi_mean_rgb_alignfix_v1_15000,office_0,prior,sofa_0003,4,2000,ours_2000,12.27552318572998,0.4858790636062622,0.42771264910697937,822033,62.287525
oracle_prior_vanilla_3dgs_multi_mean_rgb_alignfix_v1_15000,office_0,prior,sofa_0003,4,3000,ours_3000,12.503662109375,0.5126966834068298,0.4031238257884979,1298515,93.431288
oracle_prior_vanilla_3dgs_multi_mean_rgb_alignfix_v1_15000,office_0,prior,sofa_0003,4,5000,ours_5000,12.880497932434082,0.55228191614151,0.3704726994037628,1790377,155.718813
oracle_prior_vanilla_3dgs_multi_mean_rgb_alignfix_v1_15000,office_0,prior,sofa_0003,4,7000,ours_7000,12.998257637023926,0.5643528699874878,0.3602602481842041,2041031,218.006338
oracle_prior_vanilla_3dgs_multi_mean_rgb_alignfix_v1_15000,office_0,prior,sofa_0003,4,10000,ours_10000,13.131329536437988,0.5794312953948975,0.3481939136981964,2337263,311.437626
oracle_prior_vanilla_3dgs_multi_mean_rgb_alignfix_v1_15000,office_0,prior,sofa_0003,4,15000,ours_15000,13.346779823303223,0.6040725708007812,0.3296244144439697,2785968,467.156439
oracle_prior_vanilla_3dgs_multi_mean_rgb_alignfix_v1_15000,room_0,prior,lamp_0019,4,0,ours_0,10.13803768157959,0.1599513292312622,0.7303080558776855,178596,0.0
oracle_prior_vanilla_3dgs_multi_mean_rgb_alignfix_v1_15000,room_0,prior,lamp_0019,4,500,ours_500,11.073692321777344,0.340608149766922,0.5882993936538696,178596,14.592343
oracle_prior_vanilla_3dgs_multi_mean_rgb_alignfix_v1_15000,room_0,prior,lamp_0019,4,1000,ours_1000,11.893095970153809,0.45552030205726624,0.4592953622341156,237555,29.184685
oracle_prior_vanilla_3dgs_multi_mean_rgb_alignfix_v1_15000,room_0,prior,lamp_0019,4,2000,ours_2000,12.579608917236328,0.5466824173927307,0.37055766582489014,783654,58.36937
oracle_prior_vanilla_3dgs_multi_mean_rgb_alignfix_v1_15000,room_0,prior,lamp_0019,4,3000,ours_3000,12.872688293457031,0.5816988348960876,0.33933642506599426,1239084,87.554055
oracle_prior_vanilla_3dgs_multi_mean_rgb_alignfix_v1_15000,room_0,prior,lamp_0019,4,5000,ours_5000,13.181315422058105,0.6141594648361206,0.3127334415912628,1684347,145.923426
oracle_prior_vanilla_3dgs_multi_mean_rgb_alignfix_v1_15000,room_0,prior,lamp_0019,4,7000,ours_7000,13.32687759399414,0.6292998194694519,0.30352774262428284,1941558,204.292796
oracle_prior_vanilla_3dgs_multi_mean_rgb_alignfix_v1_15000,room_0,prior,lamp_0019,4,10000,ours_10000,13.480522155761719,0.6445068717002869,0.2929489314556122,2231537,291.846851
oracle_prior_vanilla_3dgs_multi_mean_rgb_alignfix_v1_15000,room_0,prior,lamp_0019,4,15000,ours_15000,13.690670013427734,0.6659640669822693,0.27712371945381165,2630385,437.770277
oracle_prior_vanilla_3dgs_multi_mean_rgb_alignfix_v2_15000,office_0,prior,sofa_0003,4,0,ours_0,7.90100622177124,0.046363092958927155,0.7758479714393616,191919,0.0
oracle_prior_vanilla_3dgs_multi_mean_rgb_alignfix_v2_15000,office_0,prior,sofa_0003,4,500,ours_500,10.709416389465332,0.2673100233078003,0.6544039845466614,191919,15.47206
oracle_prior_vanilla_3dgs_multi_mean_rgb_alignfix_v2_15000,office_0,prior,sofa_0003,4,1000,ours_1000,11.635051727294922,0.40290164947509766,0.504316508769989,264865,30.944121
oracle_prior_vanilla_3dgs_multi_mean_rgb_alignfix_v2_15000,office_0,prior,sofa_0003,4,2000,ours_2000,12.269288063049316,0.4860682487487793,0.42783865332603455,819675,61.888242
oracle_prior_vanilla_3dgs_multi_mean_rgb_alignfix_v2_15000,office_0,prior,sofa_0003,4,3000,ours_3000,12.520792961120605,0.5147207379341125,0.40070486068725586,1294085,92.832363
oracle_prior_vanilla_3dgs_multi_mean_rgb_alignfix_v2_15000,office_0,prior,sofa_0003,4,5000,ours_5000,12.840507507324219,0.5489404201507568,0.37173259258270264,1784607,154.720605
oracle_prior_vanilla_3dgs_multi_mean_rgb_alignfix_v2_15000,office_0,prior,sofa_0003,4,7000,ours_7000,13.019463539123535,0.5670583844184875,0.3591403663158417,2034796,216.608847
oracle_prior_vanilla_3dgs_multi_mean_rgb_alignfix_v2_15000,office_0,prior,sofa_0003,4,10000,ours_10000,13.145108222961426,0.5798836350440979,0.34975674748420715,2327168,309.441209
oracle_prior_vanilla_3dgs_multi_mean_rgb_alignfix_v2_15000,office_0,prior,sofa_0003,4,15000,ours_15000,13.347770690917969,0.6021344065666199,0.33289429545402527,2767658,464.161814
oracle_prior_vanilla_3dgs_multi_mean_rgb_alignfix_v2_15000,room_0,prior,lamp_0019,4,0,ours_0,10.518389701843262,0.22670680284500122,0.6933856010437012,143847,0.0
oracle_prior_vanilla_3dgs_multi_mean_rgb_alignfix_v2_15000,room_0,prior,lamp_0019,4,500,ours_500,11.057236671447754,0.33701491355895996,0.5938898921012878,143847,14.449563
oracle_prior_vanilla_3dgs_multi_mean_rgb_alignfix_v2_15000,room_0,prior,lamp_0019,4,1000,ours_1000,11.860722541809082,0.4470714032649994,0.4716050922870636,209073,28.899127
oracle_prior_vanilla_3dgs_multi_mean_rgb_alignfix_v2_15000,room_0,prior,lamp_0019,4,2000,ours_2000,12.57441234588623,0.540516197681427,0.37755241990089417,752585,57.798254
oracle_prior_vanilla_3dgs_multi_mean_rgb_alignfix_v2_15000,room_0,prior,lamp_0019,4,3000,ours_3000,12.846077919006348,0.5748319029808044,0.3445277512073517,1208545,86.697381
oracle_prior_vanilla_3dgs_multi_mean_rgb_alignfix_v2_15000,room_0,prior,lamp_0019,4,5000,ours_5000,13.197218894958496,0.6131439805030823,0.3158828914165497,1657118,144.495635
oracle_prior_vanilla_3dgs_multi_mean_rgb_alignfix_v2_15000,room_0,prior,lamp_0019,4,7000,ours_7000,13.307183265686035,0.6249198913574219,0.30689898133277893,1922166,202.293888
oracle_prior_vanilla_3dgs_multi_mean_rgb_alignfix_v2_15000,room_0,prior,lamp_0019,4,10000,ours_10000,13.470797538757324,0.6403711438179016,0.2958259582519531,2206830,288.991269
oracle_prior_vanilla_3dgs_multi_mean_rgb_alignfix_v2_15000,room_0,prior,lamp_0019,4,15000,ours_15000,13.674338340759277,0.6605010032653809,0.2802562415599823,2603466,433.486904
