experiment_name,backend,initialization,status,dataset_name,scene_id,total_optimization_time_sec,time_to_target_quality_sec,target_psnr,final_iteration,psnr,ssim,lpips,gaussian_count,retrieval_accuracy,prior_object_id,prior_category,prior_count,prior_object_ids,warning_count
baseline_from_scratch,,,,,,800.0,600.0,,,26.0,0.87,0.16,120000,,,,,,0
baseline_from_scratch_vanilla_3dgs,vanilla_3dgs,from_scratch,completed,replica,office_0,133.9288343382068,,,7000,12.623485565185547,0.4568593204021454,0.4582959711551666,1882545,,,,,,0
baseline_from_scratch_vanilla_3dgs,vanilla_3dgs,from_scratch,completed,replica,room_0,118.71758099179715,,,7000,13.064375877380371,0.49400874972343445,0.40273797512054443,1598175,,,,,,0
baseline_from_scratch_vanilla_3dgs_multi,vanilla_3dgs,from_scratch,completed,replica,office_0,146.48386396979913,,,7000,12.972103118896484,0.5606258511543274,0.3630542457103729,1986918,,,,0,,0
baseline_from_scratch_vanilla_3dgs_multi,vanilla_3dgs,from_scratch,completed,replica,room_0,139.16562113864347,,,7000,13.309054374694824,0.6249075531959534,0.30592358112335205,1894870,,,,0,,0
baseline_from_scratch_vanilla_3dgs_multi_15000,vanilla_3dgs,from_scratch,completed,replica,office_0,448.4384310650639,,,15000,13.291095733642578,0.5942414402961731,0.33929887413978577,2704063,,,,0,,0
baseline_from_scratch_vanilla_3dgs_multi_15000,vanilla_3dgs,from_scratch,completed,replica,room_0,422.0537022659555,,,15000,13.667689323425293,0.6604282259941101,0.2802464962005615,2581236,,,,0,,0
baseline_smoke_vanilla_3dgs,vanilla_3dgs,from_scratch,completed,replica,office_0,2.670856038108468,,,1,8.195902824401855,0.024942396208643913,0.8737056851387024,100000,,,,,,0
baseline_smoke_vanilla_3dgs,vanilla_3dgs,from_scratch,completed,replica,room_0,2.311260546091944,,,1,9.30715274810791,0.07447542995214462,0.8176722526550293,100000,,,,,,0
oracle_prior,,,,,,600.0,450.0,,,27.5,0.9,0.12,105000,,,,,,0
oracle_prior_vanilla_3dgs,vanilla_3dgs,prior,completed,replica,office_0,136.4332981808111,,,7000,12.65433120727539,0.45828190445899963,0.4550868272781372,1901301,0.9918091893196106,chair_0240,chair,,,0
oracle_prior_vanilla_3dgs,vanilla_3dgs,prior,completed,replica,room_0,121.31136879697442,,,7000,13.09111499786377,0.4967895746231079,0.4005373418331146,1609528,0.998605489730835,chair_0201,chair,,,0
oracle_prior_vanilla_3dgs_clip,vanilla_3dgs,prior,completed,replica,office_0,257.22167184296995,,,7000,12.654738426208496,0.46037307381629944,0.4538658857345581,1909208,0.7022406458854675,chair_0014,chair,1,chair_0014,0
oracle_prior_vanilla_3dgs_clip,vanilla_3dgs,prior,completed,replica,room_0,238.92518839193508,,,7000,13.065972328186035,0.4984480142593384,0.4018752872943878,1609395,0.7662401795387268,chair_0014,chair,1,chair_0014,0
oracle_prior_vanilla_3dgs_multi_clip,vanilla_3dgs,prior,completed,replica,office_0,154.72060381341726,,,7000,12.982704162597656,0.560796320438385,0.36532679200172424,2028586,0.733235314488411,sofa_0131,sofa,4,"sofa_0131,sofa_0131,table_0230,chair_0239",0
oracle_prior_vanilla_3dgs_multi_clip,vanilla_3dgs,prior,completed,replica,room_0,148.96205472759902,,,7000,13.31824016571045,0.627092182636261,0.3041711747646332,1943664,0.7218935936689377,lamp_0085,lamp,4,"lamp_0085,sofa_0131,sofa_0195,chair_0016",0
oracle_prior_vanilla_3dgs_multi_clip_15000,vanilla_3dgs,prior,completed,replica,office_0,460.0254012970254,,,15000,13.307002067565918,0.5957522988319397,0.3385225236415863,2748212,0.733235314488411,sofa_0131,sofa,4,"sofa_0131,sofa_0131,table_0230,chair_0239",0
oracle_prior_vanilla_3dgs_multi_clip_15000,vanilla_3dgs,prior,completed,replica,room_0,440.9428285928443,,,15000,13.715340614318848,0.6675536036491394,0.2751288115978241,2653722,0.7218935936689377,lamp_0085,lamp,4,"lamp_0085,sofa_0131,sofa_0195,chair_0016",0
oracle_prior_vanilla_3dgs_multi_clip_alignfix_v1_15000,vanilla_3dgs,prior,completed,replica,office_0,471.0627154498361,,,15000,13.37459945678711,0.6099662780761719,0.32556360960006714,2806021,0.733235314488411,sofa_0131,sofa,4,"sofa_0131,sofa_0131,table_0230,chair_0239",0
oracle_prior_vanilla_3dgs_multi_clip_alignfix_v1_15000,vanilla_3dgs,prior,completed,replica,room_0,442.51832961896434,,,15000,13.70038890838623,0.6660085320472717,0.2737199366092682,2648537,0.7218935936689377,lamp_0085,lamp,4,"lamp_0085,sofa_0131,sofa_0195,chair_0016",0
oracle_prior_vanilla_3dgs_multi_clip_alignfix_v2_15000,vanilla_3dgs,prior,completed,replica,office_0,467.4326366861351,,,15000,13.330321311950684,0.6043952107429504,0.33200713992118835,2775378,0.733235314488411,sofa_0131,sofa,4,"sofa_0131,sofa_0131,table_0230,chair_0239",0
oracle_prior_vanilla_3dgs_multi_clip_alignfix_v2_15000,vanilla_3dgs,prior,completed,replica,room_0,433.2506330939941,,,15000,13.663780212402344,0.6607881188392639,0.27883920073509216,2604643,0.7218935936689377,lamp_0085,lamp,4,"lamp_0085,sofa_0131,sofa_0195,chair_0016",0
oracle_prior_vanilla_3dgs_multi_clip_geom,vanilla_3dgs,prior,completed,replica,office_0,153.68097730819136,,,7000,12.939231872558594,0.5577934384346008,0.3660120964050293,2013091,0.7970355898141861,sofa_0128,sofa,4,"sofa_0128,sofa_0065,table_0230,chair_0239",0
oracle_prior_vanilla_3dgs_multi_clip_geom,vanilla_3dgs,prior,completed,replica,room_0,149.64475306263193,,,7000,13.315070152282715,0.6262426972389221,0.3043476641178131,1956173,0.7736525386571884,lamp_0085,lamp,4,"lamp_0085,sofa_0131,sofa_0114,chair_0016",0
oracle_prior_vanilla_3dgs_multi_clip_geom_15000,vanilla_3dgs,prior,completed,replica,office_0,460.1188623183407,,,15000,13.303668022155762,0.5943045020103455,0.3395753800868988,2743631,0.7970355898141861,sofa_0128,sofa,4,"sofa_0128,sofa_0065,table_0230,chair_0239",0
oracle_prior_vanilla_3dgs_multi_clip_geom_15000,vanilla_3dgs,prior,completed,replica,room_0,441.0196569482796,,,15000,13.669600486755371,0.6636502742767334,0.27727651596069336,2645326,0.7736525386571884,lamp_0085,lamp,4,"lamp_0085,sofa_0131,sofa_0114,chair_0016",0
oracle_prior_vanilla_3dgs_multi_clip_geom_filtered,vanilla_3dgs,prior,completed,replica,office_0,148.1886099120602,,,7000,12.945388793945312,0.559260368347168,0.36537763476371765,1987187,0.7970355898141861,sofa_0128,sofa,4,"sofa_0128,sofa_0065,table_0230,chair_0239",0
oracle_prior_vanilla_3dgs_multi_clip_geom_filtered,vanilla_3dgs,prior,completed,replica,room_0,145.4406177769415,,,7000,13.288440704345703,0.6254823803901672,0.3031374216079712,1916340,0.7736525386571884,lamp_0085,lamp,4,"lamp_0085,sofa_0131,sofa_0114,chair_0016",0
oracle_prior_vanilla_3dgs_multi_clip_geom_weighted,vanilla_3dgs,prior,completed,replica,office_0,150.00131162907928,,,7000,12.988173484802246,0.5622719526290894,0.36386701464653015,2006432,0.7970355898141861,sofa_0128,sofa,4,"sofa_0128,sofa_0065,table_0230,chair_0239",0
oracle_prior_vanilla_3dgs_multi_clip_geom_weighted,vanilla_3dgs,prior,completed,replica,room_0,146.66938347695395,,,7000,13.302529335021973,0.6253371238708496,0.306972861289978,1931527,0.7736525386571884,lamp_0085,lamp,4,"lamp_0085,sofa_0131,sofa_0114,chair_0016",0
oracle_prior_vanilla_3dgs_multi_mean_rgb,vanilla_3dgs,prior,completed,replica,office_0,153.37571796402335,,,7000,12.95682430267334,0.5583733916282654,0.3661879599094391,2015440,0.9977621734142303,sofa_0003,sofa,4,"sofa_0003,sofa_0050,table_0020,chair_0240",0
oracle_prior_vanilla_3dgs_multi_mean_rgb,vanilla_3dgs,prior,completed,replica,room_0,148.27102667605504,,,7000,13.302268981933594,0.6265966892242432,0.303954154253006,1941607,0.9997421652078629,lamp_0019,lamp,4,"lamp_0019,sofa_0003,sofa_0003,chair_0201",0
oracle_prior_vanilla_3dgs_multi_mean_rgb_15000,vanilla_3dgs,prior,completed,replica,office_0,458.71123894071206,,,15000,13.28554630279541,0.5934297442436218,0.34073951840400696,2730969,0.9977621734142303,sofa_0003,sofa,4,"sofa_0003,sofa_0050,table_0020,chair_0240",0
oracle_prior_vanilla_3dgs_multi_mean_rgb_15000,vanilla_3dgs,prior,completed,replica,room_0,433.1251033716835,,,15000,13.666180610656738,0.6629236340522766,0.2769678831100464,2601643,0.9997421652078629,lamp_0019,lamp,4,"lamp_0019,sofa_0003,sofa_0003,chair_0201",0
oracle_prior_vanilla_3dgs_multi_mean_rgb_alignfix_v1_15000,vanilla_3dgs,prior,completed,replica,office_0,467.15643866406754,,,15000,13.346779823303223,0.6040725708007812,0.3296244144439697,2785968,0.9977621734142303,sofa_0003,sofa,4,"sofa_0003,sofa_0050,table_0020,chair_0240",0
oracle_prior_vanilla_3dgs_multi_mean_rgb_alignfix_v1_15000,vanilla_3dgs,prior,completed,replica,room_0,437.7702766209841,,,15000,13.690670013427734,0.6659640669822693,0.27712371945381165,2630385,0.9997421652078629,lamp_0019,lamp,4,"lamp_0019,sofa_0003,sofa_0003,chair_0201",0
oracle_prior_vanilla_3dgs_multi_mean_rgb_alignfix_v2_15000,vanilla_3dgs,prior,completed,replica,office_0,464.1618142114021,,,15000,13.347770690917969,0.6021344065666199,0.33289429545402527,2767658,0.9977621734142303,sofa_0003,sofa,4,"sofa_0003,sofa_0050,table_0020,chair_0240",0
oracle_prior_vanilla_3dgs_multi_mean_rgb_alignfix_v2_15000,vanilla_3dgs,prior,completed,replica,room_0,433.4869036548771,,,15000,13.674338340759277,0.6605010032653809,0.2802562415599823,2603466,0.9997421652078629,lamp_0019,lamp,4,"lamp_0019,sofa_0003,sofa_0003,chair_0201",0
