scene_id,group,label,experiment_name,iteration,method,psnr,ssim,lpips,gaussian_count,estimated_elapsed_sec
room_0,extension,baseline_30000,03-24-baseline-30k-2026,0,ours_0,11.234102204442024,0.5496061556041241,0.5975933838635683,100000,0.0
room_0,extension,baseline_30000,03-24-baseline-30k-2026,500,ours_500,32.32952880859375,0.9590815901756287,0.19358091056346893,100000,4.707713
room_0,extension,baseline_30000,03-24-baseline-30k-2026,1000,ours_1000,33.84659957885742,0.963536262512207,0.1767473965883255,157734,9.415427
room_0,extension,baseline_30000,03-24-baseline-30k-2026,2000,ours_2000,40.518341064453125,0.9823706746101379,0.07741864770650864,182401,18.830854
room_0,extension,baseline_30000,03-24-baseline-30k-2026,3000,ours_3000,40.31810760498047,0.9822914004325867,0.07020130008459091,195919,28.246281
room_0,extension,baseline_30000,03-24-baseline-30k-2026,5000,ours_5000,44.019046783447266,0.9887551665306091,0.04308779537677765,203495,47.077135
room_0,extension,baseline_30000,03-24-baseline-30k-2026,7000,ours_7000,45.59737014770508,0.9909276366233826,0.034202661365270615,204957,65.907988
room_0,extension,baseline_30000,03-24-baseline-30k-2026,10000,ours_10000,44.91123962402344,0.9914340376853943,0.03069508820772171,204449,94.154269
room_0,extension,baseline_30000,03-24-baseline-30k-2026,15000,ours_15000,46.72246170043945,0.9927473068237305,0.0234121922403574,202074,141.231404
room_0,extension,baseline_30000,03-24-baseline-30k-2026,20000,ours_20000,47.502994537353516,0.9934282302856445,0.020882612094283104,202074,188.308538
room_0,extension,baseline_30000,03-24-baseline-30k-2026,25000,ours_25000,47.31209945678711,0.993497908115387,0.01936589553952217,202074,235.385673
room_0,extension,baseline_30000,03-24-baseline-30k-2026,30000,ours_30000,47.699649810791016,0.9937553405761719,0.018098535016179085,202074,282.462807
office_0,extension,baseline_30000,03-24-baseline-30k-2026,0,ours_0,13.053640112280846,0.591483193449676,0.5628732414916158,100000,0.0
office_0,extension,baseline_30000,03-24-baseline-30k-2026,500,ours_500,24.934537887573242,0.9250308871269226,0.22455519437789917,100000,4.708354
office_0,extension,baseline_30000,03-24-baseline-30k-2026,1000,ours_1000,28.126070022583008,0.9414920806884766,0.18464769423007965,160790,9.416708
office_0,extension,baseline_30000,03-24-baseline-30k-2026,2000,ours_2000,32.05386734008789,0.9582859873771667,0.111390620470047,223744,18.833416
office_0,extension,baseline_30000,03-24-baseline-30k-2026,3000,ours_3000,34.646602630615234,0.968582808971405,0.09341355413198471,242156,28.250123
office_0,extension,baseline_30000,03-24-baseline-30k-2026,5000,ours_5000,39.51710510253906,0.9804563522338867,0.059798553586006165,245277,47.083539
office_0,extension,baseline_30000,03-24-baseline-30k-2026,7000,ours_7000,41.62357711791992,0.9859285950660706,0.04198695719242096,244554,65.916954
office_0,extension,baseline_30000,03-24-baseline-30k-2026,10000,ours_10000,42.878726959228516,0.9874439239501953,0.03485770896077156,243734,94.167078
office_0,extension,baseline_30000,03-24-baseline-30k-2026,15000,ours_15000,44.308284759521484,0.9897222518920898,0.026811053976416588,239706,141.250617
office_0,extension,baseline_30000,03-24-baseline-30k-2026,20000,ours_20000,45.643585205078125,0.990532398223877,0.024880558252334595,239706,188.334156
office_0,extension,baseline_30000,03-24-baseline-30k-2026,25000,ours_25000,46.24496841430664,0.991197407245636,0.022591928020119667,239706,235.417695
office_0,extension,baseline_30000,03-24-baseline-30k-2026,30000,ours_30000,46.1383171081543,0.9910106658935547,0.022649994120001793,239706,282.501233
room_0,extension,prior_100k_30000,03-24-prior100k-30k-2026,0,ours_0,11.490964189171791,0.5505067729391158,0.5810169633477926,200000,0.0
room_0,extension,prior_100k_30000,03-24-prior100k-30k-2026,500,ours_500,33.2525749206543,0.9608227610588074,0.1906638890504837,200000,5.442807
room_0,extension,prior_100k_30000,03-24-prior100k-30k-2026,1000,ours_1000,38.63505935668945,0.9749976992607117,0.11898737400770187,237279,10.885615
room_0,extension,prior_100k_30000,03-24-prior100k-30k-2026,2000,ours_2000,42.085506439208984,0.9840164184570312,0.06935276091098785,261193,21.77123
room_0,extension,prior_100k_30000,03-24-prior100k-30k-2026,3000,ours_3000,43.46347427368164,0.9872226119041443,0.05131155624985695,272052,32.656845
room_0,extension,prior_100k_30000,03-24-prior100k-30k-2026,5000,ours_5000,44.11014938354492,0.9896298050880432,0.03729759529232979,258608,54.428075
room_0,extension,prior_100k_30000,03-24-prior100k-30k-2026,7000,ours_7000,46.01426315307617,0.9914103150367737,0.03184305876493454,252297,76.199304
room_0,extension,prior_100k_30000,03-24-prior100k-30k-2026,10000,ours_10000,46.19805908203125,0.992150068283081,0.027368612587451935,246544,108.856149
room_0,extension,prior_100k_30000,03-24-prior100k-30k-2026,15000,ours_15000,47.37968063354492,0.9931698441505432,0.02241172455251217,241682,163.284224
room_0,extension,prior_100k_30000,03-24-prior100k-30k-2026,20000,ours_20000,47.5488395690918,0.9936356544494629,0.0195023100823164,241682,217.712298
room_0,extension,prior_100k_30000,03-24-prior100k-30k-2026,25000,ours_25000,47.49185562133789,0.9938071370124817,0.018664833158254623,241682,272.140373
room_0,extension,prior_100k_30000,03-24-prior100k-30k-2026,30000,ours_30000,48.36491012573242,0.9940482974052429,0.017617354169487953,241682,326.568447
office_0,extension,prior_100k_30000,03-24-prior100k-30k-2026,0,ours_0,13.21896381676197,0.5850149444304407,0.5500266663730145,200000,0.0
office_0,extension,prior_100k_30000,03-24-prior100k-30k-2026,500,ours_500,26.557912826538086,0.9292349815368652,0.22615663707256317,200000,5.210082
office_0,extension,prior_100k_30000,03-24-prior100k-30k-2026,1000,ours_1000,28.34696388244629,0.9333105683326721,0.20207595825195312,240877,10.420164
office_0,extension,prior_100k_30000,03-24-prior100k-30k-2026,2000,ours_2000,30.75620460510254,0.9597344994544983,0.10698626190423965,280824,20.840328
office_0,extension,prior_100k_30000,03-24-prior100k-30k-2026,3000,ours_3000,34.318511962890625,0.9653962254524231,0.09120702743530273,291594,31.260493
office_0,extension,prior_100k_30000,03-24-prior100k-30k-2026,5000,ours_5000,38.9444694519043,0.9734373092651367,0.06906227767467499,265566,52.100821
office_0,extension,prior_100k_30000,03-24-prior100k-30k-2026,7000,ours_7000,40.88338851928711,0.9784451127052307,0.05688925087451935,258556,72.941149
office_0,extension,prior_100k_30000,03-24-prior100k-30k-2026,10000,ours_10000,41.8798713684082,0.9838686585426331,0.04122501239180565,254587,104.201642
office_0,extension,prior_100k_30000,03-24-prior100k-30k-2026,15000,ours_15000,43.64547348022461,0.98734450340271,0.032517313957214355,248926,156.302463
office_0,extension,prior_100k_30000,03-24-prior100k-30k-2026,20000,ours_20000,45.25356674194336,0.9904797673225403,0.024394920095801353,248926,208.403284
office_0,extension,prior_100k_30000,03-24-prior100k-30k-2026,25000,ours_25000,45.60514831542969,0.9908010959625244,0.02299891971051693,248926,260.504105
office_0,extension,prior_100k_30000,03-24-prior100k-30k-2026,30000,ours_30000,46.03466796875,0.9910445213317871,0.02187403477728367,248926,312.604926
room_0,extension,prior_25k_30000,03-24-prior25k-30k-2026,0,ours_0,11.415851846337318,0.5469894022680819,0.5886287856847048,125000,0.0
room_0,extension,prior_25k_30000,03-24-prior25k-30k-2026,500,ours_500,33.426795959472656,0.958893358707428,0.20328612625598907,125000,4.915062
room_0,extension,prior_25k_30000,03-24-prior25k-30k-2026,1000,ours_1000,37.313846588134766,0.9726243019104004,0.1388695389032364,174428,9.830124
room_0,extension,prior_25k_30000,03-24-prior25k-30k-2026,2000,ours_2000,42.042606353759766,0.9838771820068359,0.07080594450235367,198689,19.660249
room_0,extension,prior_25k_30000,03-24-prior25k-30k-2026,3000,ours_3000,43.576019287109375,0.9875357151031494,0.050477951765060425,212152,29.490373
room_0,extension,prior_25k_30000,03-24-prior25k-30k-2026,5000,ours_5000,44.64154052734375,0.9898166656494141,0.03851396217942238,216721,49.150622
room_0,extension,prior_25k_30000,03-24-prior25k-30k-2026,7000,ours_7000,44.851009368896484,0.9906651377677917,0.03392675146460533,217070,68.810871
room_0,extension,prior_25k_30000,03-24-prior25k-30k-2026,10000,ours_10000,45.5056037902832,0.9919288754463196,0.02777913026511669,216086,98.301244
room_0,extension,prior_25k_30000,03-24-prior25k-30k-2026,15000,ours_15000,47.22171401977539,0.9929452538490295,0.02309294603765011,212279,147.451866
room_0,extension,prior_25k_30000,03-24-prior25k-30k-2026,20000,ours_20000,47.66987991333008,0.9935234189033508,0.020149020478129387,212279,196.602488
room_0,extension,prior_25k_30000,03-24-prior25k-30k-2026,25000,ours_25000,47.6694221496582,0.9936787486076355,0.018874233588576317,212279,245.75311
room_0,extension,prior_25k_30000,03-24-prior25k-30k-2026,30000,ours_30000,48.17558288574219,0.9940469264984131,0.01793050765991211,212279,294.903732
office_0,extension,prior_25k_30000,03-24-prior25k-30k-2026,0,ours_0,13.200549349188805,0.5836369986645877,0.5552998213097453,125000,0.0
office_0,extension,prior_25k_30000,03-24-prior25k-30k-2026,500,ours_500,25.76142692565918,0.9284103512763977,0.22192537784576416,125000,4.830743
office_0,extension,prior_25k_30000,03-24-prior25k-30k-2026,1000,ours_1000,25.781293869018555,0.9305315017700195,0.19743122160434723,181304,9.661486
office_0,extension,prior_25k_30000,03-24-prior25k-30k-2026,2000,ours_2000,31.669626235961914,0.9617462158203125,0.11083070188760757,228365,19.322973
office_0,extension,prior_25k_30000,03-24-prior25k-30k-2026,3000,ours_3000,34.853477478027344,0.9699631333351135,0.08679310232400894,245912,28.984459
office_0,extension,prior_25k_30000,03-24-prior25k-30k-2026,5000,ours_5000,40.629486083984375,0.9810720086097717,0.05497962236404419,244528,48.307432
office_0,extension,prior_25k_30000,03-24-prior25k-30k-2026,7000,ours_7000,39.7066764831543,0.9812472462654114,0.052409593015909195,242710,67.630404
office_0,extension,prior_25k_30000,03-24-prior25k-30k-2026,10000,ours_10000,41.935821533203125,0.9854788184165955,0.03843366727232933,240271,96.614863
office_0,extension,prior_25k_30000,03-24-prior25k-30k-2026,15000,ours_15000,44.32695388793945,0.989115297794342,0.02845870517194271,237415,144.922295
office_0,extension,prior_25k_30000,03-24-prior25k-30k-2026,20000,ours_20000,45.70217514038086,0.9910309910774231,0.022847527638077736,237415,193.229726
office_0,extension,prior_25k_30000,03-24-prior25k-30k-2026,25000,ours_25000,45.6934700012207,0.9909350275993347,0.022093499079346657,237415,241.537158
office_0,extension,prior_25k_30000,03-24-prior25k-30k-2026,30000,ours_30000,45.65896987915039,0.9902743697166443,0.021973954513669014,237415,289.844589
room_0,extension,prior_25k_full_none_30000,03-24-prior25k-fullnone-30k-2026,0,ours_0,11.425523266196251,0.5471961204893887,0.5884479889646173,125000,0.0
room_0,extension,prior_25k_full_none_30000,03-24-prior25k-fullnone-30k-2026,500,ours_500,33.3341064453125,0.9608335494995117,0.19255387783050537,125000,4.937898
room_0,extension,prior_25k_full_none_30000,03-24-prior25k-fullnone-30k-2026,1000,ours_1000,36.53969955444336,0.9703757762908936,0.13898570835590363,176467,9.875797
room_0,extension,prior_25k_full_none_30000,03-24-prior25k-fullnone-30k-2026,2000,ours_2000,41.58810806274414,0.9833412170410156,0.07354503870010376,200932,19.751593
room_0,extension,prior_25k_full_none_30000,03-24-prior25k-fullnone-30k-2026,3000,ours_3000,43.616641998291016,0.9874245524406433,0.052001953125,214321,29.62739
room_0,extension,prior_25k_full_none_30000,03-24-prior25k-fullnone-30k-2026,5000,ours_5000,44.40571975708008,0.9894534945487976,0.04073792323470116,220180,49.378983
room_0,extension,prior_25k_full_none_30000,03-24-prior25k-fullnone-30k-2026,7000,ours_7000,44.2636833190918,0.990112841129303,0.03709409758448601,219808,69.130576
room_0,extension,prior_25k_full_none_30000,03-24-prior25k-fullnone-30k-2026,10000,ours_10000,44.604976654052734,0.9911398887634277,0.030365174636244774,218053,98.757966
room_0,extension,prior_25k_full_none_30000,03-24-prior25k-fullnone-30k-2026,15000,ours_15000,46.99802017211914,0.9929590225219727,0.023007119074463844,214498,148.136949
room_0,extension,prior_25k_full_none_30000,03-24-prior25k-fullnone-30k-2026,20000,ours_20000,47.50325012207031,0.9935118556022644,0.019950496032834053,214498,197.515932
room_0,extension,prior_25k_full_none_30000,03-24-prior25k-fullnone-30k-2026,25000,ours_25000,48.00834274291992,0.9937604069709778,0.019064070656895638,214498,246.894915
room_0,extension,prior_25k_full_none_30000,03-24-prior25k-fullnone-30k-2026,30000,ours_30000,48.30145263671875,0.9939939975738525,0.01771950162947178,214498,296.273898
office_0,extension,prior_25k_full_none_30000,03-24-prior25k-fullnone-30k-2026,0,ours_0,13.195955276489258,0.5840675518848002,0.555581184104085,125000,0.0
office_0,extension,prior_25k_full_none_30000,03-24-prior25k-fullnone-30k-2026,500,ours_500,26.815603256225586,0.9335933327674866,0.2180614471435547,125000,4.768566
office_0,extension,prior_25k_full_none_30000,03-24-prior25k-fullnone-30k-2026,1000,ours_1000,27.389015197753906,0.9390957951545715,0.17778247594833374,177340,9.537131
office_0,extension,prior_25k_full_none_30000,03-24-prior25k-fullnone-30k-2026,2000,ours_2000,33.69367599487305,0.9641076922416687,0.10113083571195602,222105,19.074263
office_0,extension,prior_25k_full_none_30000,03-24-prior25k-fullnone-30k-2026,3000,ours_3000,37.0523567199707,0.972839891910553,0.08083038777112961,239571,28.611394
office_0,extension,prior_25k_full_none_30000,03-24-prior25k-fullnone-30k-2026,5000,ours_5000,40.11872863769531,0.9803553223609924,0.057333480566740036,240183,47.685656
office_0,extension,prior_25k_full_none_30000,03-24-prior25k-fullnone-30k-2026,7000,ours_7000,41.43745040893555,0.984476625919342,0.04467384144663811,238721,66.759919
office_0,extension,prior_25k_full_none_30000,03-24-prior25k-fullnone-30k-2026,10000,ours_10000,42.80315017700195,0.9870932698249817,0.03690386191010475,237428,95.371313
office_0,extension,prior_25k_full_none_30000,03-24-prior25k-fullnone-30k-2026,15000,ours_15000,44.6511344909668,0.9897918701171875,0.026534726843237877,234093,143.056969
office_0,extension,prior_25k_full_none_30000,03-24-prior25k-fullnone-30k-2026,20000,ours_20000,45.92483139038086,0.990864098072052,0.0229481253772974,234093,190.742625
office_0,extension,prior_25k_full_none_30000,03-24-prior25k-fullnone-30k-2026,25000,ours_25000,45.86793518066406,0.9905796051025391,0.02288110740482807,234093,238.428282
office_0,extension,prior_25k_full_none_30000,03-24-prior25k-fullnone-30k-2026,30000,ours_30000,46.41163635253906,0.9902257323265076,0.022467277944087982,234093,286.113938
room_0,extension,prior_50k_30000,03-24-prior50k-30k-2026,0,ours_0,11.471595644950867,0.5478169582784176,0.5848688893020153,150000,0.0
room_0,extension,prior_50k_30000,03-24-prior50k-30k-2026,500,ours_500,33.504276275634766,0.9594552516937256,0.19728253781795502,150000,5.077863
room_0,extension,prior_50k_30000,03-24-prior50k-30k-2026,1000,ours_1000,37.84383773803711,0.9746806621551514,0.12018502503633499,196397,10.155726
room_0,extension,prior_50k_30000,03-24-prior50k-30k-2026,2000,ours_2000,42.046504974365234,0.9845480918884277,0.06774812191724777,219289,20.311452
room_0,extension,prior_50k_30000,03-24-prior50k-30k-2026,3000,ours_3000,43.756771087646484,0.9876732230186462,0.05113854631781578,232029,30.467178
room_0,extension,prior_50k_30000,03-24-prior50k-30k-2026,5000,ours_5000,44.71657180786133,0.9897156357765198,0.03767894580960274,232530,50.778631
room_0,extension,prior_50k_30000,03-24-prior50k-30k-2026,7000,ours_7000,45.30638122558594,0.9909864068031311,0.03451789170503616,230677,71.090083
room_0,extension,prior_50k_30000,03-24-prior50k-30k-2026,10000,ours_10000,44.96014404296875,0.9914379715919495,0.03064677119255066,228092,101.557262
room_0,extension,prior_50k_30000,03-24-prior50k-30k-2026,15000,ours_15000,47.20839309692383,0.9930108189582825,0.023795319721102715,223191,152.335892
room_0,extension,prior_50k_30000,03-24-prior50k-30k-2026,20000,ours_20000,47.37376022338867,0.9934351444244385,0.02044239453971386,223191,203.114523
room_0,extension,prior_50k_30000,03-24-prior50k-30k-2026,25000,ours_25000,47.582855224609375,0.9937329888343811,0.018811797723174095,223191,253.893154
room_0,extension,prior_50k_30000,03-24-prior50k-30k-2026,30000,ours_30000,47.51869201660156,0.9939653873443604,0.01822969689965248,223191,304.671785
office_0,extension,prior_50k_30000,03-24-prior50k-30k-2026,0,ours_0,13.217484593391418,0.5842415145598352,0.5523204933851957,150000,0.0
office_0,extension,prior_50k_30000,03-24-prior50k-30k-2026,500,ours_500,25.23045539855957,0.9274194836616516,0.22529764473438263,150000,5.060116
office_0,extension,prior_50k_30000,03-24-prior50k-30k-2026,1000,ours_1000,27.633712768554688,0.9360203742980957,0.18631772696971893,203852,10.120232
office_0,extension,prior_50k_30000,03-24-prior50k-30k-2026,2000,ours_2000,30.81367301940918,0.9531877636909485,0.11560770124197006,252362,20.240465
office_0,extension,prior_50k_30000,03-24-prior50k-30k-2026,3000,ours_3000,32.48971176147461,0.9594734311103821,0.10575001686811447,269085,30.360697
office_0,extension,prior_50k_30000,03-24-prior50k-30k-2026,5000,ours_5000,36.92288589477539,0.9669368863105774,0.08710240572690964,262188,50.601161
office_0,extension,prior_50k_30000,03-24-prior50k-30k-2026,7000,ours_7000,38.90657043457031,0.9774859547615051,0.060277629643678665,258724,70.841626
office_0,extension,prior_50k_30000,03-24-prior50k-30k-2026,10000,ours_10000,40.10200881958008,0.979303777217865,0.051782820373773575,256051,101.202323
office_0,extension,prior_50k_30000,03-24-prior50k-30k-2026,15000,ours_15000,42.9247932434082,0.9864783883094788,0.03456087037920952,252499,151.803484
office_0,extension,prior_50k_30000,03-24-prior50k-30k-2026,20000,ours_20000,44.896484375,0.98984694480896,0.025062086060643196,252499,202.404646
office_0,extension,prior_50k_30000,03-24-prior50k-30k-2026,25000,ours_25000,44.83021545410156,0.9889597296714783,0.026738805696368217,252499,253.005807
office_0,extension,prior_50k_30000,03-24-prior50k-30k-2026,30000,ours_30000,44.9882698059082,0.9886220097541809,0.026607075706124306,252499,303.606968
room_0,extension,prior_75k_30000,03-24-prior75k-30k-2026,0,ours_0,11.482788741588593,0.5491255177184939,0.5829005064442754,175000,0.0
room_0,extension,prior_75k_30000,03-24-prior75k-30k-2026,500,ours_500,33.52216720581055,0.9586456418037415,0.21327240765094757,175000,5.188069
room_0,extension,prior_75k_30000,03-24-prior75k-30k-2026,1000,ours_1000,37.80891418457031,0.9740979671478271,0.12293178588151932,211088,10.376138
room_0,extension,prior_75k_30000,03-24-prior75k-30k-2026,2000,ours_2000,41.77775192260742,0.9840312004089355,0.07190670818090439,233278,20.752275
room_0,extension,prior_75k_30000,03-24-prior75k-30k-2026,3000,ours_3000,43.30350875854492,0.9869202971458435,0.052088167518377304,244716,31.128413
room_0,extension,prior_75k_30000,03-24-prior75k-30k-2026,5000,ours_5000,44.84886169433594,0.9899986386299133,0.037822604179382324,237394,51.880688
room_0,extension,prior_75k_30000,03-24-prior75k-30k-2026,7000,ours_7000,45.589473724365234,0.9908819198608398,0.03375682979822159,233568,72.632963
room_0,extension,prior_75k_30000,03-24-prior75k-30k-2026,10000,ours_10000,46.247379302978516,0.9919619560241699,0.029459798708558083,231059,103.761375
room_0,extension,prior_75k_30000,03-24-prior75k-30k-2026,15000,ours_15000,46.99198913574219,0.9928895831108093,0.023203017190098763,224189,155.642063
room_0,extension,prior_75k_30000,03-24-prior75k-30k-2026,20000,ours_20000,47.31227111816406,0.9935107231140137,0.020135268568992615,224189,207.522751
room_0,extension,prior_75k_30000,03-24-prior75k-30k-2026,25000,ours_25000,47.5928955078125,0.9936679005622864,0.019030600786209106,224189,259.403438
room_0,extension,prior_75k_30000,03-24-prior75k-30k-2026,30000,ours_30000,47.85323715209961,0.9938609600067139,0.018018539994955063,224189,311.284126
office_0,extension,prior_75k_30000,03-24-prior75k-30k-2026,0,ours_0,13.22016854584217,0.5850237691774964,0.5509336022660136,175000,0.0
office_0,extension,prior_75k_30000,03-24-prior75k-30k-2026,500,ours_500,24.99660301208496,0.923403263092041,0.23398596048355103,175000,5.089028
office_0,extension,prior_75k_30000,03-24-prior75k-30k-2026,1000,ours_1000,26.124608993530273,0.9329670071601868,0.20216651260852814,224176,10.178056
office_0,extension,prior_75k_30000,03-24-prior75k-30k-2026,2000,ours_2000,32.941829681396484,0.9613702297210693,0.1043565645813942,262871,20.356113
office_0,extension,prior_75k_30000,03-24-prior75k-30k-2026,3000,ours_3000,37.526756286621094,0.9755553603172302,0.07434866577386856,275243,30.534169
office_0,extension,prior_75k_30000,03-24-prior75k-30k-2026,5000,ours_5000,41.639404296875,0.9831511378288269,0.04984384775161743,259620,50.890282
office_0,extension,prior_75k_30000,03-24-prior75k-30k-2026,7000,ours_7000,40.923683166503906,0.9840148091316223,0.04584561660885811,253925,71.246395
office_0,extension,prior_75k_30000,03-24-prior75k-30k-2026,10000,ours_10000,43.30868911743164,0.987669050693512,0.03459193930029869,249569,101.780564
office_0,extension,prior_75k_30000,03-24-prior75k-30k-2026,15000,ours_15000,44.2111930847168,0.9900045394897461,0.027272948995232582,245947,152.670846
office_0,extension,prior_75k_30000,03-24-prior75k-30k-2026,20000,ours_20000,45.61256790161133,0.9909729957580566,0.023604391142725945,245947,203.561128
office_0,extension,prior_75k_30000,03-24-prior75k-30k-2026,25000,ours_25000,46.1115608215332,0.9907131195068359,0.023727020248770714,245947,254.45141
office_0,extension,prior_75k_30000,03-24-prior75k-30k-2026,30000,ours_30000,46.10317611694336,0.9903954863548279,0.024302972480654716,245947,305.341692
room_0,extension,prior_100k_geo_30000,03-24-prior100k-geo-30k-2026,0,ours_0,11.343846946954727,0.5564356595277786,0.5849244128912687,200000,0.0
room_0,extension,prior_100k_geo_30000,03-24-prior100k-geo-30k-2026,500,ours_500,32.90343475341797,0.9598097205162048,0.19188350439071655,200000,5.487149
room_0,extension,prior_100k_geo_30000,03-24-prior100k-geo-30k-2026,1000,ours_1000,37.59442138671875,0.973694384098053,0.1247442290186882,231930,10.974299
room_0,extension,prior_100k_geo_30000,03-24-prior100k-geo-30k-2026,2000,ours_2000,41.42375564575195,0.9841451644897461,0.06697065383195877,253362,21.948598
room_0,extension,prior_100k_geo_30000,03-24-prior100k-geo-30k-2026,3000,ours_3000,41.967010498046875,0.9857373237609863,0.05440531298518181,265758,32.922896
room_0,extension,prior_100k_geo_30000,03-24-prior100k-geo-30k-2026,5000,ours_5000,42.976932525634766,0.9890760779380798,0.04033173248171806,261454,54.871494
room_0,extension,prior_100k_geo_30000,03-24-prior100k-geo-30k-2026,7000,ours_7000,45.486392974853516,0.9911139011383057,0.031951818615198135,258341,76.820091
room_0,extension,prior_100k_geo_30000,03-24-prior100k-geo-30k-2026,10000,ours_10000,45.79595947265625,0.9920582175254822,0.028697766363620758,254614,109.742988
room_0,extension,prior_100k_geo_30000,03-24-prior100k-geo-30k-2026,15000,ours_15000,45.553497314453125,0.9925658106803894,0.023255931213498116,249196,164.614482
room_0,extension,prior_100k_geo_30000,03-24-prior100k-geo-30k-2026,20000,ours_20000,47.55402755737305,0.9934460520744324,0.020115522667765617,249196,219.485976
room_0,extension,prior_100k_geo_30000,03-24-prior100k-geo-30k-2026,25000,ours_25000,47.83768081665039,0.9938766956329346,0.017750155180692673,249196,274.357469
room_0,extension,prior_100k_geo_30000,03-24-prior100k-geo-30k-2026,30000,ours_30000,47.92665481567383,0.9939537644386292,0.017532262951135635,249196,329.228963
office_0,extension,prior_100k_geo_30000,03-24-prior100k-geo-30k-2026,0,ours_0,12.924810454249382,0.5955609101802111,0.5490795057266951,200000,0.0
office_0,extension,prior_100k_geo_30000,03-24-prior100k-geo-30k-2026,500,ours_500,25.474151611328125,0.9272890686988831,0.22865955531597137,200000,5.192248
office_0,extension,prior_100k_geo_30000,03-24-prior100k-geo-30k-2026,1000,ours_1000,28.395111083984375,0.9422059655189514,0.17034582793712616,227518,10.384495
office_0,extension,prior_100k_geo_30000,03-24-prior100k-geo-30k-2026,2000,ours_2000,30.823806762695312,0.9572791457176208,0.11372945457696915,266991,20.768991
office_0,extension,prior_100k_geo_30000,03-24-prior100k-geo-30k-2026,3000,ours_3000,34.910037994384766,0.9645884037017822,0.08720231056213379,280843,31.153486
office_0,extension,prior_100k_geo_30000,03-24-prior100k-geo-30k-2026,5000,ours_5000,38.038211822509766,0.9766810536384583,0.06155448779463768,270830,51.922477
office_0,extension,prior_100k_geo_30000,03-24-prior100k-geo-30k-2026,7000,ours_7000,41.348331451416016,0.9846611618995667,0.045145273208618164,264274,72.691468
office_0,extension,prior_100k_geo_30000,03-24-prior100k-geo-30k-2026,10000,ours_10000,43.101802825927734,0.988023042678833,0.033016130328178406,261398,103.844954
office_0,extension,prior_100k_geo_30000,03-24-prior100k-geo-30k-2026,15000,ours_15000,45.108638763427734,0.9900681972503662,0.02569972723722458,257589,155.767432
office_0,extension,prior_100k_geo_30000,03-24-prior100k-geo-30k-2026,20000,ours_20000,45.609039306640625,0.9904248118400574,0.0235892441123724,257589,207.689909
office_0,extension,prior_100k_geo_30000,03-24-prior100k-geo-30k-2026,25000,ours_25000,46.09664535522461,0.9898200631141663,0.023326724767684937,257589,259.612386
office_0,extension,prior_100k_geo_30000,03-24-prior100k-geo-30k-2026,30000,ours_30000,46.33491134643555,0.9894094467163086,0.02371557056903839,257589,311.534863
