scene_id,label,experiment_name,target_object_id,target_category,prior_object_id,asset_format,original_count,inserted_count,inserted_ratio,survived_3000,survival_ratio_3000,survived_15000,survival_ratio_15000
room_0,prior_full,gaussian_direct_surface_rgb_prior_full_15000,6,lamp,replica_room_0_obj_6,gaussian,15786,15786,1.0,8437,0.5344609147345749,2359,0.1494362092993792
room_0,prior_full,gaussian_direct_surface_rgb_prior_full_15000,9,sofa,replica_room_0_obj_9,gaussian,47762,47762,1.0,45365,0.9498136593944977,10924,0.2287173903940371
room_0,prior_full,gaussian_direct_surface_rgb_prior_full_15000,77,sofa,replica_room_0_obj_77,gaussian,53683,53683,1.0,51549,0.9602481232419947,11942,0.22245403572825662
room_0,prior_full,gaussian_direct_surface_rgb_prior_full_15000,74,chair,replica_room_0_obj_74,gaussian,34054,34054,1.0,32952,0.9676396311740177,4483,0.13164385975215834
office_0,prior_full,gaussian_direct_surface_rgb_prior_full_15000,9,sofa,replica_office_0_obj_9,gaussian,45382,45382,1.0,42356,0.9333215812436649,15030,0.3311885769688423
office_0,prior_full,gaussian_direct_surface_rgb_prior_full_15000,7,sofa,replica_office_0_obj_7,gaussian,35493,35493,1.0,31809,0.8962048854703745,3402,0.09584988589299298
office_0,prior_full,gaussian_direct_surface_rgb_prior_full_15000,58,table,replica_office_0_obj_58,gaussian,32030,32030,1.0,30673,0.9576334686231658,10066,0.3142678738682485
office_0,prior_full,gaussian_direct_surface_rgb_prior_full_15000,61,chair,replica_office_0_obj_61,gaussian,43916,43916,1.0,42775,0.9740185809272247,11167,0.25428089989980873
room_0,prior_100k,gaussian_direct_surface_rgb_prior_100k_15000,6,lamp,replica_room_0_obj_6,gaussian,15786,10434,0.6609654123907259,4488,0.43013225991949394,1568,0.15027793751198007
room_0,prior_100k,gaussian_direct_surface_rgb_prior_100k_15000,9,sofa,replica_room_0_obj_9,gaussian,47762,31571,0.661006658012646,29425,0.932026226600361,8839,0.2799721263184568
room_0,prior_100k,gaussian_direct_surface_rgb_prior_100k_15000,77,sofa,replica_room_0_obj_77,gaussian,53683,35485,0.6610100031667381,33917,0.9558123150627026,9067,0.25551641538678316
room_0,prior_100k,gaussian_direct_surface_rgb_prior_100k_15000,74,chair,replica_room_0_obj_74,gaussian,34054,22510,0.6610089857285488,21556,0.9576188360728565,3038,0.1349622390048867
office_0,prior_100k,gaussian_direct_surface_rgb_prior_100k_15000,9,sofa,replica_office_0_obj_9,gaussian,45382,28939,0.6376757304658235,26749,0.9243235771795847,12368,0.4273817339921905
office_0,prior_100k,gaussian_direct_surface_rgb_prior_100k_15000,7,sofa,replica_office_0_obj_7,gaussian,35493,22633,0.6376750345138478,20009,0.8840630937127204,5642,0.24928202182653647
office_0,prior_100k,gaussian_direct_surface_rgb_prior_100k_15000,58,table,replica_office_0_obj_58,gaussian,32030,20424,0.6376522010615049,19428,0.9512338425381903,8334,0.4080493537015276
office_0,prior_100k,gaussian_direct_surface_rgb_prior_100k_15000,61,chair,replica_office_0_obj_61,gaussian,43916,28004,0.6376719191183168,26837,0.9583273818025996,9600,0.3428081702613912
room_0,prior_25k,gaussian_direct_surface_rgb_prior_25k_15000,6,lamp,replica_room_0_obj_6,gaussian,15786,2609,0.16527302673254782,1709,0.6550402453047145,994,0.3809888846301265
room_0,prior_25k,gaussian_direct_surface_rgb_prior_25k_15000,9,sofa,replica_room_0_obj_9,gaussian,47762,7893,0.16525689878983293,7306,0.9256303053338402,4036,0.5113391612821487
room_0,prior_25k,gaussian_direct_surface_rgb_prior_25k_15000,77,sofa,replica_room_0_obj_77,gaussian,53683,8871,0.16524784382392937,8349,0.9411565776124451,3062,0.34516965392853116
room_0,prior_25k,gaussian_direct_surface_rgb_prior_25k_15000,74,chair,replica_room_0_obj_74,gaussian,34054,5627,0.165237563869149,5143,0.9139861382619513,1945,0.3456548782655056
office_0,prior_25k,gaussian_direct_surface_rgb_prior_25k_15000,9,sofa,replica_office_0_obj_9,gaussian,45382,7235,0.15942444140848794,6631,0.9165169315825846,4413,0.6099516240497581
office_0,prior_25k,gaussian_direct_surface_rgb_prior_25k_15000,7,sofa,replica_office_0_obj_7,gaussian,35493,5658,0.15941171498605358,4665,0.8244962884411453,1753,0.30982679392011314
office_0,prior_25k,gaussian_direct_surface_rgb_prior_25k_15000,58,table,replica_office_0_obj_58,gaussian,32030,5106,0.15941305026537622,4826,0.945162553858206,2487,0.4870740305522914
office_0,prior_25k,gaussian_direct_surface_rgb_prior_25k_15000,61,chair,replica_office_0_obj_61,gaussian,43916,7001,0.1594179797795792,6412,0.9158691615483502,3632,0.5187830309955721
room_0,prior_25k_full_none,gaussian_direct_surface_rgb_prior_25k_full_none_15000,6,lamp,replica_room_0_obj_6,gaussian,15786,2609,0.16527302673254782,1538,0.5894978919126102,859,0.32924492142583367
room_0,prior_25k_full_none,gaussian_direct_surface_rgb_prior_25k_full_none_15000,9,sofa,replica_room_0_obj_9,gaussian,47762,7893,0.16525689878983293,7353,0.9315849486887116,3692,0.46775623970606867
room_0,prior_25k_full_none,gaussian_direct_surface_rgb_prior_25k_full_none_15000,77,sofa,replica_room_0_obj_77,gaussian,53683,8871,0.16524784382392937,8383,0.944989290948033,3503,0.3948822004283621
room_0,prior_25k_full_none,gaussian_direct_surface_rgb_prior_25k_full_none_15000,74,chair,replica_room_0_obj_74,gaussian,34054,5627,0.165237563869149,5102,0.9066998400568687,1756,0.3120668206859783
office_0,prior_25k_full_none,gaussian_direct_surface_rgb_prior_25k_full_none_15000,9,sofa,replica_office_0_obj_9,gaussian,45382,7235,0.15942444140848794,6589,0.9107118175535591,4045,0.5590877677954388
office_0,prior_25k_full_none,gaussian_direct_surface_rgb_prior_25k_full_none_15000,7,sofa,replica_office_0_obj_7,gaussian,35493,5658,0.15941171498605358,4698,0.8303287380699894,1173,0.2073170731707317
office_0,prior_25k_full_none,gaussian_direct_surface_rgb_prior_25k_full_none_15000,58,table,replica_office_0_obj_58,gaussian,32030,5106,0.15941305026537622,4809,0.9418331374853114,2430,0.47591069330199764
office_0,prior_25k_full_none,gaussian_direct_surface_rgb_prior_25k_full_none_15000,61,chair,replica_office_0_obj_61,gaussian,43916,7001,0.1594179797795792,6428,0.9181545493500929,3272,0.46736180545636336
room_0,prior_50k,gaussian_direct_surface_rgb_prior_50k_15000,6,lamp,replica_room_0_obj_6,gaussian,15786,5217,0.33048270619536296,2574,0.4933870040253019,1432,0.2744872532106575
room_0,prior_50k,gaussian_direct_surface_rgb_prior_50k_15000,9,sofa,replica_room_0_obj_9,gaussian,47762,15786,0.33051379757966587,14571,0.9230330672748005,6436,0.4077030279994932
room_0,prior_50k,gaussian_direct_surface_rgb_prior_50k_15000,77,sofa,replica_room_0_obj_77,gaussian,53683,17742,0.33049568764785875,16540,0.9322511554503439,4537,0.25572088828767897
room_0,prior_50k,gaussian_direct_surface_rgb_prior_50k_15000,74,chair,replica_room_0_obj_74,gaussian,34054,11255,0.3305044928642744,10379,0.9221679253665038,2782,0.2471790315415371
office_0,prior_50k,gaussian_direct_surface_rgb_prior_50k_15000,9,sofa,replica_office_0_obj_9,gaussian,45382,14469,0.31882684764884756,13057,0.9024120533554496,6302,0.43555186951413366
office_0,prior_50k,gaussian_direct_surface_rgb_prior_50k_15000,7,sofa,replica_office_0_obj_7,gaussian,35493,11317,0.3188516045417406,9825,0.8681629407086684,2344,0.20712202880622074
office_0,prior_50k,gaussian_direct_surface_rgb_prior_50k_15000,58,table,replica_office_0_obj_58,gaussian,32030,10212,0.31882610053075244,9573,0.9374265569917744,4421,0.4329220524872699
office_0,prior_50k,gaussian_direct_surface_rgb_prior_50k_15000,61,chair,replica_office_0_obj_61,gaussian,43916,14002,0.3188359595591584,12473,0.890801314097986,4844,0.3459505784887873
room_0,prior_75k,gaussian_direct_surface_rgb_prior_75k_15000,6,lamp,replica_room_0_obj_6,gaussian,15786,7826,0.4957557329279108,3756,0.4799386659851776,1580,0.20189113212369025
room_0,prior_75k,gaussian_direct_surface_rgb_prior_75k_15000,9,sofa,replica_room_0_obj_9,gaussian,47762,23678,0.4957497592228131,22028,0.9303150603936143,5479,0.23139623278993157
room_0,prior_75k,gaussian_direct_surface_rgb_prior_75k_15000,77,sofa,replica_room_0_obj_77,gaussian,53683,26614,0.4957621593428087,25133,0.9443525963778463,5854,0.21995941985421208
room_0,prior_75k,gaussian_direct_surface_rgb_prior_75k_15000,74,chair,replica_room_0_obj_74,gaussian,34054,16882,0.49574205673342336,15679,0.9287406705366663,2501,0.148145954270821
office_0,prior_75k,gaussian_direct_surface_rgb_prior_75k_15000,9,sofa,replica_office_0_obj_9,gaussian,45382,21704,0.4782512890573355,19894,0.9166052340582381,9099,0.4192314780685588
office_0,prior_75k,gaussian_direct_surface_rgb_prior_75k_15000,7,sofa,replica_office_0_obj_7,gaussian,35493,16975,0.4782633195277942,14656,0.8633873343151693,4753,0.28
office_0,prior_75k,gaussian_direct_surface_rgb_prior_75k_15000,58,table,replica_office_0_obj_58,gaussian,32030,15318,0.4782391507961286,14569,0.9511032771902337,5974,0.38999869434652046
office_0,prior_75k,gaussian_direct_surface_rgb_prior_75k_15000,61,chair,replica_office_0_obj_61,gaussian,43916,21003,0.4782539393387376,19552,0.9309146312431558,9336,0.4445079274389373
room_0,prior_100k_geo,gaussian_direct_surface_rgb_prior_100k_geo_15000,6,lamp,replica_room_0_obj_6,gaussian,15786,10434,0.6609654123907259,3375,0.3234617596319724,1389,0.13312248418631398
room_0,prior_100k_geo,gaussian_direct_surface_rgb_prior_100k_geo_15000,9,sofa,replica_room_0_obj_9,gaussian,47762,31571,0.661006658012646,22249,0.7047290234709068,3856,0.12213740458015267
room_0,prior_100k_geo,gaussian_direct_surface_rgb_prior_100k_geo_15000,77,sofa,replica_room_0_obj_77,gaussian,53683,35485,0.6610100031667381,30410,0.8569818233056221,6420,0.18092151613357757
room_0,prior_100k_geo,gaussian_direct_surface_rgb_prior_100k_geo_15000,74,chair,replica_room_0_obj_74,gaussian,34054,22510,0.6610089857285488,19614,0.8713460684140382,1362,0.06050644158151933
office_0,prior_100k_geo,gaussian_direct_surface_rgb_prior_100k_geo_15000,9,sofa,replica_office_0_obj_9,gaussian,45382,28939,0.6376757304658235,18517,0.6398631604409275,9045,0.3125539928815785
office_0,prior_100k_geo,gaussian_direct_surface_rgb_prior_100k_geo_15000,7,sofa,replica_office_0_obj_7,gaussian,35493,22633,0.6376750345138478,12819,0.566385366500243,3918,0.17311006053108294
office_0,prior_100k_geo,gaussian_direct_surface_rgb_prior_100k_geo_15000,58,table,replica_office_0_obj_58,gaussian,32030,20424,0.6376522010615049,15912,0.7790834312573442,7859,0.38479240109674895
office_0,prior_100k_geo,gaussian_direct_surface_rgb_prior_100k_geo_15000,61,chair,replica_office_0_obj_61,gaussian,43916,28004,0.6376719191183168,16697,0.5962362519640051,6096,0.21768318811598344
room_0,prior_50k_geo,gaussian_direct_surface_rgb_prior_50k_geo_15000,6,lamp,replica_room_0_obj_6,gaussian,15786,5217,0.33048270619536296,2470,0.47345217557983515,1479,0.28349626221966645
room_0,prior_50k_geo,gaussian_direct_surface_rgb_prior_50k_geo_15000,9,sofa,replica_room_0_obj_9,gaussian,47762,15786,0.33051379757966587,11740,0.7436969466615989,5805,0.3677309007981756
room_0,prior_50k_geo,gaussian_direct_surface_rgb_prior_50k_geo_15000,77,sofa,replica_room_0_obj_77,gaussian,53683,17742,0.33049568764785875,14989,0.8448314733400969,5853,0.3298951640175854
room_0,prior_50k_geo,gaussian_direct_surface_rgb_prior_50k_geo_15000,74,chair,replica_room_0_obj_74,gaussian,34054,11255,0.3305044928642744,9509,0.8448689471346068,1895,0.16836961350510884
office_0,prior_50k_geo,gaussian_direct_surface_rgb_prior_50k_geo_15000,9,sofa,replica_office_0_obj_9,gaussian,45382,14469,0.31882684764884756,10166,0.7026055705300989,7281,0.5032137673647108
office_0,prior_50k_geo,gaussian_direct_surface_rgb_prior_50k_geo_15000,7,sofa,replica_office_0_obj_7,gaussian,35493,11317,0.3188516045417406,5840,0.516037819210038,2894,0.255721480957851
office_0,prior_50k_geo,gaussian_direct_surface_rgb_prior_50k_geo_15000,58,table,replica_office_0_obj_58,gaussian,32030,10212,0.31882610053075244,8344,0.8170779475127301,4667,0.45701135918527225
office_0,prior_50k_geo,gaussian_direct_surface_rgb_prior_50k_geo_15000,61,chair,replica_office_0_obj_61,gaussian,43916,14002,0.3188359595591584,8447,0.6032709612912441,4321,0.3085987716040566
