dataset_family,experiment_name,scene_id,protection_mode,iteration,psnr,ssim,lpips,gaussian_count,estimated_elapsed_sec,protected_point_count,total_point_count
96_view,gaussian_direct_baseline_from_scratch_vanilla_3dgs_multi_15000,room_0,none,0,10.529029846191406,0.2272655963897705,0.6922868490219116,100000,0.0,,
96_view,gaussian_direct_baseline_from_scratch_vanilla_3dgs_multi_15000,room_0,none,3000,12.851451873779297,0.5761274695396423,0.34339582920074463,1166507,84.353029,,
96_view,gaussian_direct_baseline_from_scratch_vanilla_3dgs_multi_15000,room_0,none,15000,13.653732299804688,0.660018265247345,0.2825828790664673,2571919,421.765147,,
96_view,gaussian_direct_baseline_from_scratch_vanilla_3dgs_multi_15000,office_0,none,0,8.135271072387695,0.05645909905433655,0.7670942544937134,100000,0.0,,
96_view,gaussian_direct_baseline_from_scratch_vanilla_3dgs_multi_15000,office_0,none,3000,12.490562438964844,0.5087805390357971,0.40929123759269714,1212339,89.547757,,
96_view,gaussian_direct_baseline_from_scratch_vanilla_3dgs_multi_15000,office_0,none,15000,13.303287506103516,0.5935389399528503,0.3406592905521393,2706134,447.738783,,
96_view,gaussian_direct_same_scene_exact_clip_15000,room_0,none,0,10.453054428100586,0.227528378367424,0.6811506748199463,200000,0.0,,
96_view,gaussian_direct_same_scene_exact_clip_15000,room_0,none,3000,12.928868293762207,0.5852723717689514,0.333244264125824,1325595,90.956868,,
96_view,gaussian_direct_same_scene_exact_clip_15000,room_0,none,15000,13.741816520690918,0.6699320673942566,0.27153480052948,2706795,454.784341,,
96_view,gaussian_direct_same_scene_exact_clip_15000,office_0,none,0,7.65574836730957,0.05559544637799263,0.7656594514846802,200000,0.0,,
96_view,gaussian_direct_same_scene_exact_clip_15000,office_0,none,3000,12.852413177490234,0.5686218738555908,0.3423364460468292,1429553,98.56343,,
96_view,gaussian_direct_same_scene_exact_clip_15000,office_0,none,15000,13.680407524108887,0.6440250873565674,0.2907118797302246,2910198,492.817148,,
96_view,gaussian_direct_same_scene_exact_clip_weak_15000,room_0,weak(0.02),0,10.453054428100586,0.2275283932685852,0.6811506152153015,200000,0.0,100000,200000
96_view,gaussian_direct_same_scene_exact_clip_weak_15000,room_0,weak(0.02),3000,12.895129203796387,0.5788693428039551,0.3388879597187042,1101463,81.7661,100000,1101463
96_view,gaussian_direct_same_scene_exact_clip_weak_15000,room_0,weak(0.02),15000,13.722380638122559,0.6658915877342224,0.27292686700820923,2298034,408.830498,100000,2298034
96_view,gaussian_direct_same_scene_exact_clip_weak_15000,office_0,weak(0.02),0,7.655747890472412,0.05559545010328293,0.7656593918800354,200000,0.0,100000,200000
96_view,gaussian_direct_same_scene_exact_clip_weak_15000,office_0,weak(0.02),3000,12.81682300567627,0.5573186278343201,0.3589078485965729,1134144,78.919141,100000,1134144
96_view,gaussian_direct_same_scene_exact_clip_weak_15000,office_0,weak(0.02),15000,13.579524993896484,0.6257382035255432,0.3034648001194,2180482,394.595705,100000,2180482
dense_384,gaussian_direct_baseline_from_scratch_vanilla_3dgs_multi_diverse_384_15000,room_0,none,0,8.870147705078125,0.0946967601776123,0.8029807209968567,100000,0.0,,
dense_384,gaussian_direct_baseline_from_scratch_vanilla_3dgs_multi_diverse_384_15000,room_0,none,3000,10.628532409667969,0.25277480483055115,0.6009359359741211,1152886,118.847082,,
dense_384,gaussian_direct_baseline_from_scratch_vanilla_3dgs_multi_diverse_384_15000,room_0,none,15000,12.487881660461426,0.5459524393081665,0.3359781801700592,3916981,594.235408,,
dense_384,gaussian_direct_baseline_from_scratch_vanilla_3dgs_multi_diverse_384_15000,office_0,none,0,8.065530776977539,0.04941362887620926,0.8231498599052429,100000,0.0,,
dense_384,gaussian_direct_baseline_from_scratch_vanilla_3dgs_multi_diverse_384_15000,office_0,none,3000,11.130352973937988,0.3497871160507202,0.517750084400177,1395688,144.412072,,
dense_384,gaussian_direct_baseline_from_scratch_vanilla_3dgs_multi_diverse_384_15000,office_0,none,15000,12.951544761657715,0.5773675441741943,0.3179364502429962,4795606,722.060358,,
dense_384,gaussian_direct_same_scene_exact_clip_diverse_384_15000,room_0,none,0,8.412140846252441,0.09461452066898346,0.7952413558959961,200000,0.0,,
dense_384,gaussian_direct_same_scene_exact_clip_diverse_384_15000,room_0,none,3000,10.70837688446045,0.27327030897140503,0.585655152797699,1291896,124.032383,,
dense_384,gaussian_direct_same_scene_exact_clip_diverse_384_15000,room_0,none,15000,12.43500804901123,0.53803551197052,0.3492640554904938,4042500,620.161913,,
dense_384,gaussian_direct_same_scene_exact_clip_diverse_384_15000,office_0,none,0,7.675320148468018,0.04927929490804672,0.8124649524688721,200000,0.0,,
dense_384,gaussian_direct_same_scene_exact_clip_diverse_384_15000,office_0,none,3000,11.570847511291504,0.3971782624721527,0.4593627154827118,1541066,150.958467,,
dense_384,gaussian_direct_same_scene_exact_clip_diverse_384_15000,office_0,none,15000,12.976933479309082,0.5890350341796875,0.30406665802001953,4926541,754.792334,,
dense_384,gaussian_direct_same_scene_exact_clip_diverse_384_weak_15000,room_0,weak(0.02),0,8.412140846252441,0.09461452811956406,0.7952412962913513,200000,0.0,100000,200000
dense_384,gaussian_direct_same_scene_exact_clip_diverse_384_weak_15000,room_0,weak(0.02),3000,10.634332656860352,0.2592131197452545,0.5979849696159363,1136436,112.027473,100000,1136436
dense_384,gaussian_direct_same_scene_exact_clip_diverse_384_weak_15000,room_0,weak(0.02),15000,12.374943733215332,0.5295525789260864,0.3520362079143524,3549813,560.137367,100000,3549813
dense_384,gaussian_direct_same_scene_exact_clip_diverse_384_weak_15000,office_0,weak(0.02),0,7.675319671630859,0.04927929490804672,0.8124649524688721,200000,0.0,100000,200000
dense_384,gaussian_direct_same_scene_exact_clip_diverse_384_weak_15000,office_0,weak(0.02),3000,11.340667724609375,0.3644472658634186,0.4920661449432373,1395379,138.395447,100000,1395379
dense_384,gaussian_direct_same_scene_exact_clip_diverse_384_weak_15000,office_0,weak(0.02),15000,12.838061332702637,0.5537205934524536,0.3350534439086914,4342981,691.977233,100000,4342981
dense_384,gaussian_direct_same_scene_exact_clip_diverse_384_freeze_15000,room_0,freeze,0,8.412139892578125,0.09461452066898346,0.7952413558959961,200000,0.0,100000,200000
dense_384,gaussian_direct_same_scene_exact_clip_diverse_384_freeze_15000,room_0,freeze,3000,10.28159236907959,0.21399734914302826,0.6454548239707947,1097890,110.224596,100000,1097890
dense_384,gaussian_direct_same_scene_exact_clip_diverse_384_freeze_15000,room_0,freeze,15000,11.858847618103027,0.4844341278076172,0.39541366696357727,3414144,551.12298,100000,3414144
dense_384,gaussian_direct_same_scene_exact_clip_diverse_384_freeze_15000,office_0,freeze,0,7.675320148468018,0.04927929490804672,0.8124650120735168,200000,0.0,100000,200000
dense_384,gaussian_direct_same_scene_exact_clip_diverse_384_freeze_15000,office_0,freeze,3000,10.611702919006348,0.3007771670818329,0.578687846660614,1359424,136.187144,100000,1359424
dense_384,gaussian_direct_same_scene_exact_clip_diverse_384_freeze_15000,office_0,freeze,15000,11.67116641998291,0.4145631790161133,0.47279059886932373,4225775,680.935719,100000,4225775
